,name,website,phone,googlemaps_link,category,zone
0,El Arte de Sublimar Luna,paginasamarillas.com.ar,03512437603,"https://www.google.com/maps/place/El+Arte+de+Sublimar+Luna/@-31.4222166,-64.4894671,11z/data=!4m11!1m3!2m2!1sEmpresa+de+sublimacion+y+estampado+en+Provincia+Cordoba+centro!6e6!3m6!1s0x9432a38fc1f54485:0xd49e944cd2e85644!8m2!3d-31.4222166!4d-64.201076!15sCj5FbXByZXNhIGRlIHN1YmxpbWFjaW9uIHkgZXN0YW1wYWRvIGVuIFByb3ZpbmNpYSBDb3Jkb2JhIGNlbnRyb1pAIj5lbXByZXNhIGRlIHN1YmxpbWFjaW9uIHkgZXN0YW1wYWRvIGVuIHByb3ZpbmNpYSBjb3Jkb2JhIGNlbnRyb5IBCnByaW50X3Nob3DgAQA!16s%2Fg%2F11t9q42xz1?entry=ttu",Empresa de sublimacion y estampado,Provincia Cordoba centro
1,MyS INSUMOS PARA ESTAMPAR Y REGALERIA,mercadoshops.com.ar,03516846611,"https://www.google.com/maps/place/MyS+INSUMOS+PARA+ESTAMPAR+Y+REGALERIA/@-31.4222166,-64.4894671,11z/data=!4m11!1m3!2m2!1sEmpresa+de+sublimacion+y+estampado+en+Provincia+Cordoba+centro!6e6!3m6!1s0x9432a3da25b8465b:0x3479f8776d52dc29!8m2!3d-31.4398206!4d-64.159922!15sCj5FbXByZXNhIGRlIHN1YmxpbWFjaW9uIHkgZXN0YW1wYWRvIGVuIFByb3ZpbmNpYSBDb3Jkb2JhIGNlbnRyb1pAIj5lbXByZXNhIGRlIHN1YmxpbWFjaW9uIHkgZXN0YW1wYWRvIGVuIHByb3ZpbmNpYSBjb3Jkb2JhIGNlbnRyb5IBFHNjcmVlbl9wcmludGluZ19zaG9w4AEA!16s%2Fg%2F11ty70z7_6?entry=ttu",Empresa de sublimacion y estampado,Provincia Cordoba centro
4,SIC SUBLIMACIÓN,sicsublimacion.com,03514270347,"https://www.google.com/maps/place/SIC+SUBLIMACI%C3%93N/@-31.4222166,-64.4894671,11z/data=!4m11!1m3!2m2!1sEmpresa+de+sublimacion+y+estampado+en+Provincia+Cordoba+centro!6e6!3m6!1s0x9432987e5b45a859:0x5aeda8b819ca7591!8m2!3d-31.4106112!4d-64.192832!15sCj5FbXByZXNhIGRlIHN1YmxpbWFjaW9uIHkgZXN0YW1wYWRvIGVuIFByb3ZpbmNpYSBDb3Jkb2JhIGNlbnRyb1pAIj5lbXByZXNhIGRlIHN1YmxpbWFjaW9uIHkgZXN0YW1wYWRvIGVuIHByb3ZpbmNpYSBjb3Jkb2JhIGNlbnRyb5IBCnByaW50X3Nob3CaASNDaFpEU1VoTk1HOW5TMFZKUTBGblNVTkhjR1p0T0ZoM0VBReABAA!16s%2Fg%2F11gg_wj0wn?entry=ttu",Empresa de sublimacion y estampado,Provincia Cordoba centro
5,Copy Show - Remeras estampadas y estampados en general - Córdoba,copyshow.com.ar,03514221162,"https://www.google.com/maps/place/Copy+Show+-+Remeras+estampadas+y+estampados+en+general+-+C%C3%B3rdoba/@-31.4222166,-64.4894671,11z/data=!4m11!1m3!2m2!1sEmpresa+de+sublimacion+y+estampado+en+Provincia+Cordoba+centro!6e6!3m6!1s0x9432987fd5b73537:0xb4e25789e59f2544!8m2!3d-31.4123395!4d-64.1946924!15sCj5FbXByZXNhIGRlIHN1YmxpbWFjaW9uIHkgZXN0YW1wYWRvIGVuIFByb3ZpbmNpYSBDb3Jkb2JhIGNlbnRyb1pAIj5lbXByZXNhIGRlIHN1YmxpbWFjaW9uIHkgZXN0YW1wYWRvIGVuIHByb3ZpbmNpYSBjb3Jkb2JhIGNlbnRyb5IBFGN1c3RvbV90X3NoaXJ0X3N0b3JlmgEjQ2haRFNVaE5NRzluUzBWSlEwRm5TVVJsTVMxTWFGcFJFQUXgAQA!16s%2Fg%2F1th5dnng?entry=ttu",Empresa de sublimacion y estampado,Provincia Cordoba centro
12,Cayetano Gráfica Insumos para Sublimación,cayetanografica.com.ar,03517635715,"https://www.google.com/maps/place/Cayetano+Gr%C3%A1fica+Insumos+para+Sublimaci%C3%B3n/@-31.3270055,-64.5412335,11z/data=!4m11!1m3!2m2!1sEmpresa+de+sublimacion+y+estampado+en+Provincia+Cordoba+centro!6e6!3m6!1s0x9432a3508fd75f29:0x33ff763cc59681da!8m2!3d-31.4317096!4d-64.193923!15sCj5FbXByZXNhIGRlIHN1YmxpbWFjaW9uIHkgZXN0YW1wYWRvIGVuIFByb3ZpbmNpYSBDb3Jkb2JhIGNlbnRyb1pAIj5lbXByZXNhIGRlIHN1YmxpbWFjaW9uIHkgZXN0YW1wYWRvIGVuIHByb3ZpbmNpYSBjb3Jkb2JhIGNlbnRyb5IBHHNjcmVlbl9wcmludGluZ19zdXBwbHlfc3RvcmWaASRDaGREU1VoTk1HOW5TMFZKUTBGblNVTm9hR042UjNwM1JSQULgAQA!16s%2Fg%2F11nyn94lq_?entry=ttu",Empresa de sublimacion y estampado,Provincia Cordoba centro
14,VITTO SUBLIMACIÓN Serigrafia Merchandising,linktr.ee,03514263017,"https://www.google.com/maps/place/VITTO+SUBLIMACI%C3%93N+Serigrafia+Merchandising/@-31.412342,-64.4675863,11z/data=!4m11!1m3!2m2!1sEmpresa+de+sublimacion+y+estampado+en+Provincia+Cordoba+centro!6e6!3m6!1s0x94329879d24d5d41:0x70bc10b0a2f62bbd!8m2!3d-31.4086994!4d-64.1833668!15sCj5FbXByZXNhIGRlIHN1YmxpbWFjaW9uIHkgZXN0YW1wYWRvIGVuIFByb3ZpbmNpYSBDb3Jkb2JhIGNlbnRyb1pAIj5lbXByZXNhIGRlIHN1YmxpbWFjaW9uIHkgZXN0YW1wYWRvIGVuIHByb3ZpbmNpYSBjb3Jkb2JhIGNlbnRyb5IBEmFkdmVydGlzaW5nX2FnZW5jeZoBJENoZERTVWhOTUc5blMwVkpRMEZuU1VOamFYQnRXVGQzUlJBQuABAA!16s%2Fg%2F1td26jjj?entry=ttu",Empresa de sublimacion y estampado,Provincia Cordoba centro
16,FLUX Estamperia Textil,fluxestampados.com.ar,03516654321,"https://www.google.com/maps/place/FLUX+Estamperia+Textil/@-31.445276,-64.5264999,11z/data=!4m11!1m3!2m2!1sEmpresa+de+sublimacion+y+estampado+en+Provincia+Cordoba+centro!6e6!3m6!1s0x94329820b516fcdf:0xd06181ae5eea36b4!8m2!3d-31.3782123!4d-64.1489358!15sCj5FbXByZXNhIGRlIHN1YmxpbWFjaW9uIHkgZXN0YW1wYWRvIGVuIFByb3ZpbmNpYSBDb3Jkb2JhIGNlbnRyb1pAIj5lbXByZXNhIGRlIHN1YmxpbWFjaW9uIHkgZXN0YW1wYWRvIGVuIHByb3ZpbmNpYSBjb3Jkb2JhIGNlbnRyb5IBCnByaW50X3Nob3CaASRDaGREU1VoTk1HOW5TMFZKUTBGblNVUjRhWFZETldsUlJSQULgAQA!16s%2Fg%2F1td59q3y?entry=ttu",Empresa de sublimacion y estampado,Provincia Cordoba centro
17,SUBLISHOP,sublishop.com.ar,03516622381,"https://www.google.com/maps/place/SUBLISHOP/@-31.3782123,-64.4373269,11z/data=!4m11!1m3!2m2!1sEmpresa+de+sublimacion+y+estampado+en+Provincia+Cordoba+centro!6e6!3m6!1s0x943299abfa6e07ef:0x5c86485309c15300!8m2!3d-31.3977854!4d-64.1907802!15sCj5FbXByZXNhIGRlIHN1YmxpbWFjaW9uIHkgZXN0YW1wYWRvIGVuIFByb3ZpbmNpYSBDb3Jkb2JhIGNlbnRyb1pAIj5lbXByZXNhIGRlIHN1YmxpbWFjaW9uIHkgZXN0YW1wYWRvIGVuIHByb3ZpbmNpYSBjb3Jkb2JhIGNlbnRyb5IBCndob2xlc2FsZXKaASNDaFpEU1VoTk1HOW5TMFZKUTBGblNVTXhka3BIWTA5UkVBReABAA!16s%2Fg%2F11f9dkq46r?entry=ttu",Empresa de sublimacion y estampado,Provincia Cordoba centro
19,ESTAMPADOS CÓRDOBA,estampadoscordoba.com.ar,03518091602,"https://www.google.com/maps/place/ESTAMPADOS+C%C3%93RDOBA/@-31.4014965,-64.5280219,11z/data=!4m11!1m3!2m2!1sEmpresa+de+sublimacion+y+estampado+en+Provincia+Cordoba+centro!6e6!3m6!1s0x94329909150cddd3:0x7b5e3ffa0b63ca78!8m2!3d-31.3994532!4d-64.1942124!15sCj5FbXByZXNhIGRlIHN1YmxpbWFjaW9uIHkgZXN0YW1wYWRvIGVuIFByb3ZpbmNpYSBDb3Jkb2JhIGNlbnRyb1pAIj5lbXByZXNhIGRlIHN1YmxpbWFjaW9uIHkgZXN0YW1wYWRvIGVuIHByb3ZpbmNpYSBjb3Jkb2JhIGNlbnRyb5IBDXRfc2hpcnRfc3RvcmXgAQA!16s%2Fg%2F11gb3r010x?entry=ttu",Empresa de sublimacion y estampado,Provincia Cordoba centro
22,FotoShopRegalos Sublimación y Afines,fotoshopregalos.com.ar,03514783190,"https://www.google.com/maps/place/FotoShopRegalos+Sublimaci%C3%B3n+y+Afines/@-31.4014965,-64.5280219,11z/data=!4m11!1m3!2m2!1sEmpresa+de+sublimacion+y+estampado+en+Provincia+Cordoba+centro!6e6!3m6!1s0x94329826486f25e9:0xa2f4dca36b8a723c!8m2!3d-31.375347!4d-64.151433!15sCj5FbXByZXNhIGRlIHN1YmxpbWFjaW9uIHkgZXN0YW1wYWRvIGVuIFByb3ZpbmNpYSBDb3Jkb2JhIGNlbnRyb1pAIj5lbXByZXNhIGRlIHN1YmxpbWFjaW9uIHkgZXN0YW1wYWRvIGVuIHByb3ZpbmNpYSBjb3Jkb2JhIGNlbnRyb5IBCndob2xlc2FsZXKaASRDaGREU1VoTk1HOW5TMFZKUTBGblNVUjVjRzh6Vkc1QlJSQULgAQA!16s%2Fg%2F11btyt7_wp?entry=ttu",Empresa de sublimacion y estampado,Provincia Cordoba centro
28,Artecolor – Gráfica textil digital [Sucursal Córdoba] | ArtecolorVisual,artecolorvisual.com,03514860060,"https://www.google.com/maps/place/Artecolor+%E2%80%93+Gr%C3%A1fica+textil+digital+%5BSucursal+C%C3%B3rdoba%5D+%7C+ArtecolorVisual/@-31.4200833,-64.4771672,11z/data=!4m11!1m3!2m2!1sEmpresa+de+sublimacion+y+estampado+en+Provincia+Cordoba+centro!6e6!3m6!1s0x9432a2a6dd337abf:0x787f6986af0ebeee!8m2!3d-31.4147985!4d-64.1620394!15sCj5FbXByZXNhIGRlIHN1YmxpbWFjaW9uIHkgZXN0YW1wYWRvIGVuIFByb3ZpbmNpYSBDb3Jkb2JhIGNlbnRyb1pAIj5lbXByZXNhIGRlIHN1YmxpbWFjaW9uIHkgZXN0YW1wYWRvIGVuIHByb3ZpbmNpYSBjb3Jkb2JhIGNlbnRyb5IBEGdyYXBoaWNfZGVzaWduZXKaASNDaFpEU1VoTk1HOW5TMFZKUTBGblNVTkhkVW8zUTFOQkVBReABAA!16s%2Fg%2F1q62cz1v9?entry=ttu",Empresa de sublimacion y estampado,Provincia Cordoba centro
76,CuttStudio | Estampa tu Ropa,local-online.wixsite.com,0351156741807,"https://www.google.com/maps/place/CuttStudio+%7C+Estampa+tu+Ropa/@-31.4217676,-64.4805574,11z/data=!4m11!1m3!2m2!1sEmpresa+de+sublimacion+y+estampado+en+Provincia+Cordoba+Alto+Alberdi!6e6!3m6!1s0x943299ed56ae8431:0xa5d73442becb0529!8m2!3d-31.4022922!4d-64.2164499!15sCkRFbXByZXNhIGRlIHN1YmxpbWFjaW9uIHkgZXN0YW1wYWRvIGVuIFByb3ZpbmNpYSBDb3Jkb2JhIEFsdG8gQWxiZXJkaZIBDG1hbnVmYWN0dXJlcuABAA!16s%2Fg%2F11kvsg2k34?entry=ttu",Empresa de sublimacion y estampado,Provincia Cordoba Alto Alberdi
77,IMPRIMA Gigantografias y Sublimacion,imprima.com.ar,0351155202727,"https://www.google.com/maps/place/IMPRIMA+Gigantografias+y+Sublimacion/@-31.4217676,-64.4805574,11z/data=!4m11!1m3!2m2!1sEmpresa+de+sublimacion+y+estampado+en+Provincia+Cordoba+Alto+Alberdi!6e6!3m6!1s0x943299233a366505:0xdc22a865891d7984!8m2!3d-31.3689471!4d-64.221382!15sCkRFbXByZXNhIGRlIHN1YmxpbWFjaW9uIHkgZXN0YW1wYWRvIGVuIFByb3ZpbmNpYSBDb3Jkb2JhIEFsdG8gQWxiZXJkaVpGIkRlbXByZXNhIGRlIHN1YmxpbWFjaW9uIHkgZXN0YW1wYWRvIGVuIHByb3ZpbmNpYSBjb3Jkb2JhIGFsdG8gYWxiZXJkaZIBCnByaW50X3Nob3DgAQA!16s%2Fg%2F11h6rqjpq3?entry=ttu",Empresa de sublimacion y estampado,Provincia Cordoba Alto Alberdi
112,La Estamperia Textil,laestamperiatextil.com,03515332629,"https://www.google.com/maps/place/La+Estamperia+Textil/@-31.3611233,-64.6337223,11z/data=!4m11!1m3!2m2!1sEmpresa+de+sublimacion+y+estampado+en+Provincia+Cordoba+Villa+Cabrera!6e6!3m6!1s0x942d634c423112a7:0x9717cae038eb9c7d!8m2!3d-31.3611233!4d-64.3453312!15sCkVFbXByZXNhIGRlIHN1YmxpbWFjaW9uIHkgZXN0YW1wYWRvIGVuIFByb3ZpbmNpYSBDb3Jkb2JhIFZpbGxhIENhYnJlcmGSAQxtYW51ZmFjdHVyZXLgAQA!16s%2Fg%2F11nsb0v0rd?entry=ttu",Empresa de sublimacion y estampado,Provincia Cordoba Villa Cabrera
135,Mundo Deja Vu,cruzialseo.com,03514558322,"https://www.google.com/maps/place/Mundo+Deja+Vu/@-31.412342,-64.4675863,11z/data=!4m11!1m3!2m2!1sEmpresa+de+sublimacion+y+estampado+en+Provincia+Cordoba+Villa+Cabrera!6e6!3m6!1s0x94329cf75b10cb89:0x68bcdc4d06a6b3fe!8m2!3d-31.300027!4d-64.277362!15sCkVFbXByZXNhIGRlIHN1YmxpbWFjaW9uIHkgZXN0YW1wYWRvIGVuIFByb3ZpbmNpYSBDb3Jkb2JhIFZpbGxhIENhYnJlcmGSARBncmFwaGljX2Rlc2lnbmVy4AEA!16s%2Fg%2F11bw5yy15r?entry=ttu",Empresa de sublimacion y estampado,Provincia Cordoba Villa Cabrera
152,GAMASI | Servicios de limpieza,gamasisrl.com.ar,03515287730,"https://www.google.com/maps/place/GAMASI+%7C+Servicios+de+limpieza/@-31.3773428,-64.4937553,11z/data=!4m10!1m2!2m1!1sLimpieza+del+hogar+en+Provincia+Cordoba+centro!3m6!1s0x943299c87b8a90ab:0x23e629607748f673!8m2!3d-31.4087319!4d-64.1732985!15sCi5MaW1waWV6YSBkZWwgaG9nYXIgZW4gUHJvdmluY2lhIENvcmRvYmEgY2VudHJvWjAiLmxpbXBpZXphIGRlbCBob2dhciBlbiBwcm92aW5jaWEgY29yZG9iYSBjZW50cm-SARJqYW5pdG9yaWFsX3NlcnZpY2WaASNDaFpEU1VoTk1HOW5TMFZKUTBGblNVUm9NMDh6ZFV0QkVBReABAA!16s%2Fg%2F11ff52d4rz?entry=ttu",Limpieza del hogar,Provincia Cordoba centro
153,Aroma de Hogar - Artículos de limpieza por Mayor y Menor,aromadehogar.com.ar,03513001606,"https://www.google.com/maps/place/Aroma+de+Hogar+-+Art%C3%ADculos+de+limpieza+por+Mayor+y+Menor/@-31.3773428,-64.4937553,11z/data=!4m10!1m2!2m1!1sLimpieza+del+hogar+en+Provincia+Cordoba+centro!3m6!1s0x9432a3c0e72408e3:0xa596c9106d321a53!8m2!3d-31.4307892!4d-64.193478!15sCi5MaW1waWV6YSBkZWwgaG9nYXIgZW4gUHJvdmluY2lhIENvcmRvYmEgY2VudHJvkgEaY2xlYW5pbmdfcHJvZHVjdHNfc3VwcGxpZXLgAQA!16s%2Fg%2F11fqsthpll?entry=ttu",Limpieza del hogar,Provincia Cordoba centro
154,Albiñana Limpieza,m.facebook.com,03514458367,"https://www.google.com/maps/place/Albi%C3%B1ana+Limpieza/@-31.3773428,-64.4937553,11z/data=!4m10!1m2!2m1!1sLimpieza+del+hogar+en+Provincia+Cordoba+centro!3m6!1s0x9432a2b6ec698a05:0x35c66137c1359e1a!8m2!3d-31.4239435!4d-64.1554715!15sCi5MaW1waWV6YSBkZWwgaG9nYXIgZW4gUHJvdmluY2lhIENvcmRvYmEgY2VudHJvWjAiLmxpbXBpZXphIGRlbCBob2dhciBlbiBwcm92aW5jaWEgY29yZG9iYSBjZW50cm-SARBob21lX2dvb2RzX3N0b3Jl4AEA!16s%2Fg%2F11ckqrt1hn?entry=ttu",Limpieza del hogar,Provincia Cordoba centro
155,Limpro Servicios,limproservicios.com.ar,03514290070,"https://www.google.com/maps/place/Limpro+Servicios/@-31.3773428,-64.4937553,11z/data=!4m10!1m2!2m1!1sLimpieza+del+hogar+en+Provincia+Cordoba+centro!3m6!1s0x9432a29bd7127037:0x3d3b5add7dca9996!8m2!3d-31.4184187!4d-64.1777621!15sCi5MaW1waWV6YSBkZWwgaG9nYXIgZW4gUHJvdmluY2lhIENvcmRvYmEgY2VudHJvkgEQY2xlYW5pbmdfc2VydmljZeABAA!16s%2Fg%2F11ckpybrdr?entry=ttu",Limpieza del hogar,Provincia Cordoba centro
157,El mundo de la limpieza,mitiendanube.com,03514218381,"https://www.google.com/maps/place/El+mundo+de+la+limpieza/@-31.3773428,-64.4937553,11z/data=!4m10!1m2!2m1!1sLimpieza+del+hogar+en+Provincia+Cordoba+centro!3m6!1s0x9432a31d355bacad:0xc6bcc7fbcd92292d!8m2!3d-31.4112789!4d-64.1565684!15sCi5MaW1waWV6YSBkZWwgaG9nYXIgZW4gUHJvdmluY2lhIENvcmRvYmEgY2VudHJvWjAiLmxpbXBpZXphIGRlbCBob2dhciBlbiBwcm92aW5jaWEgY29yZG9iYSBjZW50cm-SAQVzdG9yZeABAA!16s%2Fg%2F11k0pfmzsl?entry=ttu",Limpieza del hogar,Provincia Cordoba centro
161,Master Service,masterservicegroup.com.ar,03512425619,"https://www.google.com/maps/place/Master+Service/@-31.3773428,-64.4937553,11z/data=!4m10!1m2!2m1!1sLimpieza+del+hogar+en+Provincia+Cordoba+centro!3m6!1s0x94329ee1f6c63ee3:0x2fe4c0fde75e3cd!8m2!3d-31.3875944!4d-64.2678393!15sCi5MaW1waWV6YSBkZWwgaG9nYXIgZW4gUHJvdmluY2lhIENvcmRvYmEgY2VudHJvWjAiLmxpbXBpZXphIGRlbCBob2dhciBlbiBwcm92aW5jaWEgY29yZG9iYSBjZW50cm-SARt1cGhvbHN0ZXJ5X2NsZWFuaW5nX3NlcnZpY2WaASRDaGREU1VoTk1HOW5TMFZKUTBGblNVUkVhMkZ1UXpsQlJSQULgAQA!16s%2Fg%2F1xb2fnyq?entry=ttu",Limpieza del hogar,Provincia Cordoba centro
162,Kazaró - Servicio de Limpieza,kazaro.com.ar,03514810575,"https://www.google.com/maps/place/Kazar%C3%B3+-+Servicio+de+Limpieza/@-31.3875944,-64.5562304,11z/data=!4m10!1m2!2m1!1sLimpieza+del+hogar+en+Provincia+Cordoba+centro!3m6!1s0x94329930b2381eaf:0xdf5a17c763f607e7!8m2!3d-31.3619692!4d-64.2370704!15sCi5MaW1waWV6YSBkZWwgaG9nYXIgZW4gUHJvdmluY2lhIENvcmRvYmEgY2VudHJvWjAiLmxpbXBpZXphIGRlbCBob2dhciBlbiBwcm92aW5jaWEgY29yZG9iYSBjZW50cm-SARJqYW5pdG9yaWFsX3NlcnZpY2WaASRDaGREU1VoTk1HOW5TMFZKUTBGblNVTlhjM1ZNVld4UlJSQULgAQA!16s%2Fg%2F11fn0sg852?entry=ttu",Limpieza del hogar,Provincia Cordoba centro
165,Corsacor Limpieza y Mantenimiento,corsacor.com,03518666656,"https://www.google.com/maps/place/Corsacor+Limpieza+y+Mantenimiento/@-31.3505201,-64.4389634,11z/data=!4m10!1m2!2m1!1sLimpieza+del+hogar+en+Provincia+Cordoba+centro!3m6!1s0x9432a29de7a8053f:0x20a5eac5c0fa1aa4!8m2!3d-31.4126749!4d-64.1731698!15sCi5MaW1waWV6YSBkZWwgaG9nYXIgZW4gUHJvdmluY2lhIENvcmRvYmEgY2VudHJvWjAiLmxpbXBpZXphIGRlbCBob2dhciBlbiBwcm92aW5jaWEgY29yZG9iYSBjZW50cm-SAQhjbGVhbmVyc5oBJENoZERTVWhOTUc5blMwVkpRMEZuU1VORGRXRmhZM1JSUlJBQuABAA!16s%2Fg%2F11h40zd9t7?entry=ttu",Limpieza del hogar,Provincia Cordoba centro
166,Aroma de Hogar - Articulo de limpieza y aromatización,aromadehogar.com.ar,03513001606,"https://www.google.com/maps/place/Aroma+de+Hogar+-+Articulo+de+limpieza+y+aromatizaci%C3%B3n/@-31.3505201,-64.4389634,11z/data=!4m10!1m2!2m1!1sLimpieza+del+hogar+en+Provincia+Cordoba+centro!3m6!1s0x9432a3beaed99051:0x69245dacdf25b7a0!8m2!3d-31.4279412!4d-64.1906366!15sCi5MaW1waWV6YSBkZWwgaG9nYXIgZW4gUHJvdmluY2lhIENvcmRvYmEgY2VudHJvWjAiLmxpbXBpZXphIGRlbCBob2dhciBlbiBwcm92aW5jaWEgY29yZG9iYSBjZW50cm-SARpjbGVhbmluZ19wcm9kdWN0c19zdXBwbGllcpoBI0NoWkRTVWhOTUc5blMwVkpRMEZuU1VOb2MzQkhiMk5CRUFF4AEA!16s%2Fg%2F11ts19fl8n?entry=ttu",Limpieza del hogar,Provincia Cordoba centro
171,Igapó - Limpieza Profesional,igapo.com.ar,03516179071,"https://www.google.com/maps/place/Igap%C3%B3+-+Limpieza+Profesional/@-31.3505201,-64.4389634,11z/data=!4m10!1m2!2m1!1sLimpieza+del+hogar+en+Provincia+Cordoba+centro!3m6!1s0x943299f3620f68f5:0x4c2baa470d6a8b2d!8m2!3d-31.3950831!4d-64.2346503!15sCi5MaW1waWV6YSBkZWwgaG9nYXIgZW4gUHJvdmluY2lhIENvcmRvYmEgY2VudHJvkgEaY2xlYW5pbmdfcHJvZHVjdHNfc3VwcGxpZXLgAQA!16s%2Fg%2F11hm7bqqdd?entry=ttu",Limpieza del hogar,Provincia Cordoba centro
172,"Onda Verde - Fumigaciones, Desinfecciones, Limpieza de Tanques de Agua y Servicios de Limpieza",ondaverdeservicios.com.ar,08002206632,"https://www.google.com/maps/place/Onda+Verde+-+Fumigaciones,+Desinfecciones,+Limpieza+de+Tanques+de+Agua+y+Servicios+de+Limpieza/@-31.3950831,-64.5230414,11z/data=!4m10!1m2!2m1!1sLimpieza+del+hogar+en+Provincia+Cordoba+centro!3m6!1s0x9432986e10d3191b:0xf3873a574b2bca33!8m2!3d-31.3809162!4d-64.1889777!15sCi5MaW1waWV6YSBkZWwgaG9nYXIgZW4gUHJvdmluY2lhIENvcmRvYmEgY2VudHJvWjAiLmxpbXBpZXphIGRlbCBob2dhciBlbiBwcm92aW5jaWEgY29yZG9iYSBjZW50cm-SARRwZXN0X2NvbnRyb2xfc2VydmljZZoBI0NoWkRTVWhOTUc5blMwVkpRMEZuU1VNdE0wbFRNVnBuRUFF4AEA!16s%2Fg%2F12ml2yqln?entry=ttu",Limpieza del hogar,Provincia Cordoba centro
173,Limma Servicios,limmaservicios.com,03514283565,"https://www.google.com/maps/place/Limma+Servicios/@-31.3950831,-64.5230414,11z/data=!4m10!1m2!2m1!1sLimpieza+del+hogar+en+Provincia+Cordoba+centro!3m6!1s0x9432a37406067c75:0xa47c3dfb6ff645e!8m2!3d-31.4240559!4d-64.1875309!15sCi5MaW1waWV6YSBkZWwgaG9nYXIgZW4gUHJvdmluY2lhIENvcmRvYmEgY2VudHJvWjAiLmxpbXBpZXphIGRlbCBob2dhciBlbiBwcm92aW5jaWEgY29yZG9iYSBjZW50cm-SARJqYW5pdG9yaWFsX3NlcnZpY2XgAQA!16s%2Fg%2F11jdwz3wg_?entry=ttu",Limpieza del hogar,Provincia Cordoba centro
174,Combo Familiar - Productos de Limpieza,combofamiliar.ola.click,03517625318,"https://www.google.com/maps/place/Combo+Familiar+-+Productos+de+Limpieza/@-31.3950831,-64.5230414,11z/data=!4m10!1m2!2m1!1sLimpieza+del+hogar+en+Provincia+Cordoba+centro!3m6!1s0x9432a34825b58e41:0x770910c6fc5f8d08!8m2!3d-31.4529651!4d-64.200575!15sCi5MaW1waWV6YSBkZWwgaG9nYXIgZW4gUHJvdmluY2lhIENvcmRvYmEgY2VudHJvWjAiLmxpbXBpZXphIGRlbCBob2dhciBlbiBwcm92aW5jaWEgY29yZG9iYSBjZW50cm-SARBob21lX2dvb2RzX3N0b3Jl4AEA!16s%2Fg%2F11ssqkqvxf?entry=ttu",Limpieza del hogar,Provincia Cordoba centro
175,Limpieza Profesional Córdoba,selimeservicios.com.ar,03515232581,"https://www.google.com/maps/place/Limpieza+Profesional+C%C3%B3rdoba/@-31.3950831,-64.5230414,11z/data=!4m10!1m2!2m1!1sLimpieza+del+hogar+en+Provincia+Cordoba+centro!3m6!1s0x943299b689bf373f:0x6319060aa93f23ba!8m2!3d-31.3613136!4d-64.1746372!15sCi5MaW1waWV6YSBkZWwgaG9nYXIgZW4gUHJvdmluY2lhIENvcmRvYmEgY2VudHJvkgEIY2xlYW5lcnPgAQA!16s%2Fg%2F11ckqswz_t?entry=ttu",Limpieza del hogar,Provincia Cordoba centro
177,Crecer Clean,crecerclean.com,0351156661099,"https://www.google.com/maps/place/Crecer+Clean/@-31.3613136,-64.4630283,11z/data=!4m10!1m2!2m1!1sLimpieza+del+hogar+en+Provincia+Cordoba+centro!3m6!1s0x9432a3372f672863:0x4ddf24ed934dc660!8m2!3d-31.4172169!4d-64.1589398!15sCi5MaW1waWV6YSBkZWwgaG9nYXIgZW4gUHJvdmluY2lhIENvcmRvYmEgY2VudHJvWjAiLmxpbXBpZXphIGRlbCBob2dhciBlbiBwcm92aW5jaWEgY29yZG9iYSBjZW50cm-SAQhjbGVhbmVyc5oBJENoZERTVWhOTUc5blMwVkpRMEZuU1VOSGRuSlVNbWhuUlJBQuABAA!16s%2Fg%2F11rxmgfw52?entry=ttu",Limpieza del hogar,Provincia Cordoba centro
178,Easy,easy.com.ar,08109993279,"https://www.google.com/maps/place/Easy/@-34.4462858,-59.1588493,11z/data=!4m10!1m2!2m1!1sLimpieza+del+hogar+en+Provincia+Cordoba+centro!3m6!1s0x95bc9c56576fefdb:0x849ec443ca36cfd9!8m2!3d-34.4462858!4d-58.8704582!15sCi5MaW1waWV6YSBkZWwgaG9nYXIgZW4gUHJvdmluY2lhIENvcmRvYmEgY2VudHJvWjAiLmxpbXBpZXphIGRlbCBob2dhciBlbiBwcm92aW5jaWEgY29yZG9iYSBjZW50cm-SARBob21lX2dvb2RzX3N0b3JlmgEjQ2haRFNVaE5NRzluUzBWSlEwRm5TVVIzZEVwcFJVdDNFQUXgAQA!16s%2Fg%2F1hc1k1cl2?entry=ttu",Limpieza del hogar,Provincia Cordoba centro
179,Limpimas - Limpieza,limpimas.com.ar,03514668630,"https://www.google.com/maps/place/Limpimas+-+Limpieza/@-31.4422165,-64.5387479,11z/data=!4m10!1m2!2m1!1sLimpieza+del+hogar+en+Provincia+Cordoba+centro!3m6!1s0x9432988445ed6453:0xe0e75b4502a1f93b!8m2!3d-31.4422165!4d-64.2503568!15sCi5MaW1waWV6YSBkZWwgaG9nYXIgZW4gUHJvdmluY2lhIENvcmRvYmEgY2VudHJvkgEIY2xlYW5lcnPgAQA!16s%2Fg%2F1xgrp0cj?entry=ttu",Limpieza del hogar,Provincia Cordoba centro
198,Espejo Servicios de Limpieza,espejoservicios.com.ar,03514224510,"https://www.google.com/maps/place/Espejo+Servicios+de+Limpieza/@-31.4149331,-64.4781571,11z/data=!4m10!1m2!2m1!1sLimpieza+del+hogar+en+Provincia+Cordoba+centro!3m6!1s0x9432a30adaa495a7:0xdee26e69a1b8f2e0!8m2!3d-31.4142316!4d-64.175959!15sCi5MaW1waWV6YSBkZWwgaG9nYXIgZW4gUHJvdmluY2lhIENvcmRvYmEgY2VudHJvWjAiLmxpbXBpZXphIGRlbCBob2dhciBlbiBwcm92aW5jaWEgY29yZG9iYSBjZW50cm-SARJqYW5pdG9yaWFsX3NlcnZpY2XgAQA!16s%2Fg%2F11fhz6zsnj?entry=ttu",Limpieza del hogar,Provincia Cordoba centro
201,Gala Servicios de limpieza en Córdoba,galaserviciosdelimpieza.com,03513851088,"https://www.google.com/maps/place/Gala+Servicios+de+limpieza+en+C%C3%B3rdoba/@-31.4149331,-64.4781571,11z/data=!4m10!1m2!2m1!1sLimpieza+del+hogar+en+Provincia+Cordoba+centro!3m6!1s0x943299f4b32a3f5b:0xb316939692f8d3bb!8m2!3d-31.3750118!4d-64.213679!15sCi5MaW1waWV6YSBkZWwgaG9nYXIgZW4gUHJvdmluY2lhIENvcmRvYmEgY2VudHJvWjAiLmxpbXBpZXphIGRlbCBob2dhciBlbiBwcm92aW5jaWEgY29yZG9iYSBjZW50cm-SARJqYW5pdG9yaWFsX3NlcnZpY2XgAQA!16s%2Fg%2F11rq9hrg8q?entry=ttu",Limpieza del hogar,Provincia Cordoba centro
203,DISTRIBUIDORA ALBERTO,distribuidoraalberto.com,03514613679,"https://www.google.com/maps/place/DISTRIBUIDORA+ALBERTO/@-31.4149331,-64.4781571,11z/data=!4m10!1m2!2m1!1sLimpieza+del+hogar+en+Provincia+Cordoba+centro!3m6!1s0x9432a3d23b69fc65:0x26b4c807b8697d99!8m2!3d-31.450214!4d-64.2015855!15sCi5MaW1waWV6YSBkZWwgaG9nYXIgZW4gUHJvdmluY2lhIENvcmRvYmEgY2VudHJvkgEWaG91c2VfY2xlYW5pbmdfc2VydmljZeABAA!16s%2Fg%2F11j1j91f25?entry=ttu",Limpieza del hogar,Provincia Cordoba centro
204,Osvaldo R. Marcolini,osvaldomarcolini.com,03514251869,"https://www.google.com/maps/place/Osvaldo+R.+Marcolini/@-31.4149331,-64.4781571,11z/data=!4m10!1m2!2m1!1sLimpieza+del+hogar+en+Provincia+Cordoba+centro!3m6!1s0x94329878518b0a3d:0x5836a186dbf9bdd3!8m2!3d-31.4103488!4d-64.1849567!15sCi5MaW1waWV6YSBkZWwgaG9nYXIgZW4gUHJvdmluY2lhIENvcmRvYmEgY2VudHJvWjAiLmxpbXBpZXphIGRlbCBob2dhciBlbiBwcm92aW5jaWEgY29yZG9iYSBjZW50cm-SAQxtYWNoaW5lX3Nob3CaASNDaFpEU1VoTk1HOW5TMFZKUTBGblNVUkxaM0p1WVdWbkVBReABAA!16s%2Fg%2F1t_h_1zk?entry=ttu",Limpieza del hogar,Provincia Cordoba centro
208,Córdoba Desinfecciones,cbadesinfecciones.com.ar,03514550536,"https://www.google.com/maps/place/C%C3%B3rdoba+Desinfecciones/@-31.4149331,-64.4781571,11z/data=!4m10!1m2!2m1!1sLimpieza+del+hogar+en+Provincia+Cordoba+centro!3m6!1s0x9432a2b15509b7b3:0x8b979b521d2bbf86!8m2!3d-31.4218193!4d-64.1538576!15sCi5MaW1waWV6YSBkZWwgaG9nYXIgZW4gUHJvdmluY2lhIENvcmRvYmEgY2VudHJvkgEUcGVzdF9jb250cm9sX3NlcnZpY2XgAQA!16s%2Fg%2F1tn06ww4?entry=ttu",Limpieza del hogar,Provincia Cordoba centro
211,Dix S.A,dixlimpieza.com,03515560000,"https://www.google.com/maps/place/Dix+S.A/@-31.4149331,-64.4781571,11z/data=!4m10!1m2!2m1!1sLimpieza+del+hogar+en+Provincia+Cordoba+centro!3m6!1s0x94329f5b9e1e9421:0xdfac4d9eb953c3fe!8m2!3d-31.3842544!4d-64.1978607!15sCi5MaW1waWV6YSBkZWwgaG9nYXIgZW4gUHJvdmluY2lhIENvcmRvYmEgY2VudHJvWjAiLmxpbXBpZXphIGRlbCBob2dhciBlbiBwcm92aW5jaWEgY29yZG9iYSBjZW50cm-SAQVzdG9yZZoBJENoZERTVWhOTUc5blMwVkpRMEZuU1VOM2JpMTJhblYzUlJBQuABAA!16s%2Fg%2F1td01k_z?entry=ttu",Limpieza del hogar,Provincia Cordoba centro
223,Corporación Argentina de Limpieza S.A,corpal.com.ar,03514745648,"https://www.google.com/maps/place/Corporaci%C3%B3n+Argentina+de+Limpieza+S.A/@-31.2921745,-64.3394193,12z/data=!4m10!1m2!2m1!1sLimpieza+del+hogar+en+Provincia+Cordoba+residencia+america!3m6!1s0x9432988bf2e0c44f:0xd0edd91c84d4e145!8m2!3d-31.3998402!4d-64.1982898!15sCjpMaW1waWV6YSBkZWwgaG9nYXIgZW4gUHJvdmluY2lhIENvcmRvYmEgcmVzaWRlbmNpYSBhbWVyaWNhkgEQY2xlYW5pbmdfc2VydmljZeABAA!16s%2Fg%2F11c0vll1p9?entry=ttu",Limpieza del hogar,Provincia Cordoba residencia america
226,,megaclean.com.ar,03515890570,"https://www.google.com/maps/place/Mega+Clean/@-31.4138243,-64.3425527,12z/data=!4m11!1m3!2m2!1sLimpieza+del+hogar+en+Provincia+Cordoba+Alto+Alberdi!6e6!3m6!1s0x9432a29953b9302d:0xd50a8dd0c3ae39f1!8m2!3d-31.4065271!4d-64.2080861!15sCjRMaW1waWV6YSBkZWwgaG9nYXIgZW4gUHJvdmluY2lhIENvcmRvYmEgQWx0byBBbGJlcmRpWjYiNGxpbXBpZXphIGRlbCBob2dhciBlbiBwcm92aW5jaWEgY29yZG9iYSBhbHRvIGFsYmVyZGmSAQhjbGVhbmVyc5oBJENoZERTVWhOTUc5blMwVkpRMEZuU1VNMWJFc3pWVFJuUlJBQuABAA!16s%2Fg%2F11c2096nsn?entry=ttu",Limpieza del hogar,Provincia Cordoba Alto Alberdi
248,Sempreco Sa,sempreco.com.ar,03514657799,"https://www.google.com/maps/place/Sempreco+Sa/@-31.4529651,-64.3447706,12z/data=!4m11!1m3!2m2!1sLimpieza+del+hogar+en+Provincia+Cordoba+Alto+Alberdi!6e6!3m6!1s0x9432a272242cdee3:0x275d72b2d57a3ae6!8m2!3d-31.4274096!4d-64.2134268!15sCjRMaW1waWV6YSBkZWwgaG9nYXIgZW4gUHJvdmluY2lhIENvcmRvYmEgQWx0byBBbGJlcmRpkgEQY2xlYW5pbmdfc2VydmljZeABAA!16s%2Fg%2F1td4fn2j?entry=ttu",Limpieza del hogar,Provincia Cordoba Alto Alberdi
253,Smartssa Argentina,smartssa.com.ar,03512842892,"https://www.google.com/maps/place/Smartssa+Argentina/@-31.3987118,-64.3091466,12z/data=!4m11!1m3!2m2!1sLimpieza+del+hogar+en+Provincia+Cordoba+Alto+Alberdi!6e6!3m6!1s0x943299901027973b:0xa02168a3d2cfe904!8m2!3d-31.3477905!4d-64.2385129!15sCjRMaW1waWV6YSBkZWwgaG9nYXIgZW4gUHJvdmluY2lhIENvcmRvYmEgQWx0byBBbGJlcmRpWjYiNGxpbXBpZXphIGRlbCBob2dhciBlbiBwcm92aW5jaWEgY29yZG9iYSBhbHRvIGFsYmVyZGmSARJqYW5pdG9yaWFsX3NlcnZpY2XgAQA!16s%2Fg%2F11mvrwt7ks?entry=ttu",Limpieza del hogar,Provincia Cordoba Alto Alberdi
261,Fresh Tienda de Limpieza Sucursal Alberdi Mayorista,freshlimpieza.com.ar,0351158041626,"https://www.google.com/maps/place/Fresh+Tienda+de+Limpieza+Sucursal+Alberdi+Mayorista/@-31.4422165,-64.3945524,12z/data=!4m11!1m3!2m2!1sLimpieza+del+hogar+en+Provincia+Cordoba+Alto+Alberdi!6e6!3m6!1s0x9432991c508d82eb:0x9e67e277d283d832!8m2!3d-31.4007526!4d-64.2210737!15sCjRMaW1waWV6YSBkZWwgaG9nYXIgZW4gUHJvdmluY2lhIENvcmRvYmEgQWx0byBBbGJlcmRpkgEaY2xlYW5pbmdfcHJvZHVjdHNfc3VwcGxpZXLgAQA!16s%2Fg%2F11px94lsq2?entry=ttu",Limpieza del hogar,Provincia Cordoba Alto Alberdi
289,Crisbet Distribuidor Oficial de Productos Johnson Diversey,crisbet.com.ar,03541422831,"https://www.google.com/maps/place/Crisbet+Distribuidor+Oficial+de+Productos+Johnson+Diversey/@-31.429698,-64.3308556,12z/data=!4m11!1m3!2m2!1sLimpieza+del+hogar+en+Provincia+Cordoba+Alto+Alberdi!6e6!3m6!1s0x942d6619b38604a9:0xdc02c173ffd32ccc!8m2!3d-31.4079262!4d-64.4726863!15sCjRMaW1waWV6YSBkZWwgaG9nYXIgZW4gUHJvdmluY2lhIENvcmRvYmEgQWx0byBBbGJlcmRpWjYiNGxpbXBpZXphIGRlbCBob2dhciBlbiBwcm92aW5jaWEgY29yZG9iYSBhbHRvIGFsYmVyZGmSARBjbGVhbmluZ19zZXJ2aWNlmgEjQ2haRFNVaE5NRzluUzBWSlEwRm5TVU5oZVc5SFFXRm5FQUXgAQA!16s%2Fg%2F1tf9pbwk?entry=ttu",Limpieza del hogar,Provincia Cordoba Alto Alberdi
292,Limpiar,limpiarcba.wixsite.com,03513606282,"https://www.google.com/maps/place/Limpiar/@-31.4207056,-64.3328429,12z/data=!4m11!1m3!2m2!1sLimpieza+del+hogar+en+Provincia+Cordoba+Alto+Alberdi!6e6!3m6!1s0x94329de2498770b7:0xfe509848af67d96c!8m2!3d-31.4207056!4d-64.1886473!15sCjRMaW1waWV6YSBkZWwgaG9nYXIgZW4gUHJvdmluY2lhIENvcmRvYmEgQWx0byBBbGJlcmRpWjYiNGxpbXBpZXphIGRlbCBob2dhciBlbiBwcm92aW5jaWEgY29yZG9iYSBhbHRvIGFsYmVyZGmSARJqYW5pdG9yaWFsX3NlcnZpY2XgAQA!16s%2Fg%2F11h_bmy5_6?entry=ttu",Limpieza del hogar,Provincia Cordoba Alto Alberdi
295,Centro Desinfecciones,centrodesinfeccion.com.ar,03514812323,"https://www.google.com/maps/place/Centro+Desinfecciones/@-31.3625865,-64.3671632,12z/data=!4m11!1m3!2m2!1sLimpieza+del+hogar+en+Provincia+Cordoba+Alto+Alberdi!6e6!3m6!1s0x943298e34eb2dfdb:0x98214605d15545d2!8m2!3d-31.3625865!4d-64.2229676!15sCjRMaW1waWV6YSBkZWwgaG9nYXIgZW4gUHJvdmluY2lhIENvcmRvYmEgQWx0byBBbGJlcmRpkgEUcGVzdF9jb250cm9sX3NlcnZpY2XgAQA!16s%2Fg%2F1tdzs6t6?entry=ttu",Limpieza del hogar,Provincia Cordoba Alto Alberdi
303,MR Servicio de limpieza y mantenimiento,mrlimpiezaymantenimiento.com.ar,03515084094,"https://www.google.com/maps/place/MR+Servicio+de+limpieza+y+mantenimiento/@-31.3634819,-64.3144984,12z/data=!4m11!1m3!2m2!1sLimpieza+del+hogar+en+Provincia+Cordoba+Alto+Alberdi!6e6!3m6!1s0x943299127b893b17:0x6d413e615f9639f!8m2!3d-31.3596373!4d-64.1768579!15sCjRMaW1waWV6YSBkZWwgaG9nYXIgZW4gUHJvdmluY2lhIENvcmRvYmEgQWx0byBBbGJlcmRpkgEWaG91c2VfY2xlYW5pbmdfc2VydmljZeABAA!16s%2Fg%2F11ssj9_06s?entry=ttu",Limpieza del hogar,Provincia Cordoba Alto Alberdi
304,Limpieza Cordoba,limpiezacordoba.com.ar,03512489807,"https://www.google.com/maps/place/Limpieza+Cordoba/@-31.4073168,-64.3554006,12z/data=!4m11!1m3!2m2!1sLimpieza+del+hogar+en+Provincia+Cordoba+Alto+Alberdi!6e6!3m6!1s0x943298909ee7bd33:0x95e28faa7727331c!8m2!3d-31.4073168!4d-64.211205!15sCjRMaW1waWV6YSBkZWwgaG9nYXIgZW4gUHJvdmluY2lhIENvcmRvYmEgQWx0byBBbGJlcmRpkgEIY2xlYW5lcnPgAQA!16s%2Fg%2F11fn0srw8c?entry=ttu",Limpieza del hogar,Provincia Cordoba Alto Alberdi
314,Service Hogar,servicehogarsolar.com.ar,03515207665,"https://www.google.com/maps/place/Service+Hogar/@-31.3961666,-64.3939312,12z/data=!4m11!1m3!2m2!1sLimpieza+del+hogar+en+Provincia+Cordoba+Villa+Cabrera!6e6!3m6!1s0x943282d07f351473:0x7a14438547ec39a!8m2!3d-31.2537761!4d-64.3004239!15sCjVMaW1waWV6YSBkZWwgaG9nYXIgZW4gUHJvdmluY2lhIENvcmRvYmEgVmlsbGEgQ2FicmVyYVo3IjVsaW1waWV6YSBkZWwgaG9nYXIgZW4gcHJvdmluY2lhIGNvcmRvYmEgdmlsbGEgY2FicmVyYZIBH3NvbGFyX2hvdF93YXRlcl9zeXN0ZW1fc3VwcGxpZXLgAQA!16s%2Fg%2F11c5gdg7mf?entry=ttu",Limpieza del hogar,Provincia Cordoba Villa Cabrera
349,Ultraclean,quimicaultraclean.wixsite.com,03541391555,"https://www.google.com/maps/place/Ultraclean/@-31.4368333,-64.6463325,12z/data=!4m11!1m3!2m2!1sLimpieza+del+hogar+en+Provincia+Cordoba+Villa+Cabrera!6e6!3m6!1s0x942d675db7692279:0xbeae3d4af537cca4!8m2!3d-31.4368333!4d-64.5021369!15sCjVMaW1waWV6YSBkZWwgaG9nYXIgZW4gUHJvdmluY2lhIENvcmRvYmEgVmlsbGEgQ2FicmVyYZIBCGNsZWFuZXJz4AEA!16s%2Fg%2F11jp5c1szm?entry=ttu",Limpieza del hogar,Provincia Cordoba Villa Cabrera
364,Fresh Tienda De Limpieza Sucursal San Martin,freshlimpieza.com.ar,03518021428,"https://www.google.com/maps/place/Fresh+Tienda+De+Limpieza+Sucursal+San+Martin/@-31.4478228,-64.9410431,10z/data=!4m10!1m2!2m1!1sLimpieza+del+hogar+en+Provincia+Cordoba+San+martin!3m6!1s0x943298f6718dc399:0xa06ecc6a2aef1e7b!8m2!3d-31.3880581!4d-64.1970775!15sCjJMaW1waWV6YSBkZWwgaG9nYXIgZW4gUHJvdmluY2lhIENvcmRvYmEgU2FuIG1hcnRpbpIBGmNsZWFuaW5nX3Byb2R1Y3RzX3N1cHBsaWVy4AEA!16s%2Fg%2F11fpfvrtvb?entry=ttu",Limpieza del hogar,Provincia Cordoba San martin
366,"Karcher Córdoba Kurt Herramientas- Concesionario oficial: hidrolavadoras, aspiradoras, service.",kurtherramientas.com.ar,03512594831,"https://www.google.com/maps/place/Karcher+C%C3%B3rdoba+Kurt+Herramientas-+Concesionario+oficial:+hidrolavadoras,+aspiradoras,+service./@-31.4478228,-64.9410431,10z/data=!4m10!1m2!2m1!1sLimpieza+del+hogar+en+Provincia+Cordoba+San+martin!3m6!1s0x9432a2972e5665e9:0xb1cc63a1bdc8b0ae!8m2!3d-31.3783009!4d-64.2047217!15sCjJMaW1waWV6YSBkZWwgaG9nYXIgZW4gUHJvdmluY2lhIENvcmRvYmEgU2FuIG1hcnRpbpIBCHRvb2xyb29t4AEA!16s%2Fg%2F11c5svgrvn?entry=ttu",Limpieza del hogar,Provincia Cordoba San martin
371,Empresa de Limpieza ROYAL CLEAN | Servicio Profesional,royalclean.com.ar,03412382501,"https://www.google.com/maps/place/Empresa+de+Limpieza+ROYAL+CLEAN+%7C+Servicio+Profesional/@-32.9447159,-61.2308345,10z/data=!4m10!1m2!2m1!1sLimpieza+del+hogar+en+Provincia+Santa+Fe+Rosario!3m6!1s0x95b7ab078dfa6723:0x72bf28cce87a8253!8m2!3d-32.9396594!4d-60.696905!15sCjBMaW1waWV6YSBkZWwgaG9nYXIgZW4gUHJvdmluY2lhIFNhbnRhIEZlIFJvc2FyaW9aMiIwbGltcGllemEgZGVsIGhvZ2FyIGVuIHByb3ZpbmNpYSBzYW50YSBmZSByb3NhcmlvkgEIY2xlYW5lcnOaASRDaGREU1VoTk1HOW5TMFZKUTBGblNVUjVhbTh0TFhGM1JSQULgAQA!16s%2Fg%2F11c6q6_5m2?entry=ttu",Limpieza del hogar,Provincia Santa Fe Rosario
372,Clean Work Rosario,cleanworkrosario.com,03412720275,"https://www.google.com/maps/place/Clean+Work+Rosario/@-32.9447159,-61.2308345,10z/data=!4m10!1m2!2m1!1sLimpieza+del+hogar+en+Provincia+Santa+Fe+Rosario!3m6!1s0x95b7ab31b63024a1:0x6f3b470df83fe3cc!8m2!3d-32.955549!4d-60.636123!15sCjBMaW1waWV6YSBkZWwgaG9nYXIgZW4gUHJvdmluY2lhIFNhbnRhIEZlIFJvc2FyaW9aMiIwbGltcGllemEgZGVsIGhvZ2FyIGVuIHByb3ZpbmNpYSBzYW50YSBmZSByb3NhcmlvkgEIY2xlYW5lcnOaASRDaGREU1VoTk1HOW5TMFZKUTBGblNVTktOWFEzWkhWUlJSQULgAQA!16s%2Fg%2F11j65h_s1j?entry=ttu",Limpieza del hogar,Provincia Santa Fe Rosario
373,Sh Consultora de Mucamas y Limpieza,sh-servicios.com.ar,03415072916,"https://www.google.com/maps/place/Sh+Consultora+de+Mucamas+y+Limpieza/@-32.9447159,-61.2308345,10z/data=!4m10!1m2!2m1!1sLimpieza+del+hogar+en+Provincia+Santa+Fe+Rosario!3m6!1s0x95b7ab5ff114c4e7:0x376f2d555abfdfb!8m2!3d-32.9461948!4d-60.6782006!15sCjBMaW1waWV6YSBkZWwgaG9nYXIgZW4gUHJvdmluY2lhIFNhbnRhIEZlIFJvc2FyaW-SARZob3VzZV9jbGVhbmluZ19zZXJ2aWNl4AEA!16s%2Fg%2F11b6jbqmkt?entry=ttu",Limpieza del hogar,Provincia Santa Fe Rosario
375,SuperLim,superlim.com.ar,03414397558,"https://www.google.com/maps/place/SuperLim/@-32.9447159,-61.2308345,10z/data=!4m10!1m2!2m1!1sLimpieza+del+hogar+en+Provincia+Santa+Fe+Rosario!3m6!1s0x95b7acb2e8516ea1:0x1e4dd76f39130375!8m2!3d-32.9368716!4d-60.6886326!15sCjBMaW1waWV6YSBkZWwgaG9nYXIgZW4gUHJvdmluY2lhIFNhbnRhIEZlIFJvc2FyaW-SARBjbGVhbmluZ19zZXJ2aWNl4AEA!16s%2Fg%2F11bbrqq9m4?entry=ttu",Limpieza del hogar,Provincia Santa Fe Rosario
376,Magiclimp Rosario - Servicios de limpieza integral,magiclimprosario.com.ar,03413908882,"https://www.google.com/maps/place/Magiclimp+Rosario+-+Servicios+de+limpieza+integral/@-32.9447159,-61.2308345,10z/data=!4m10!1m2!2m1!1sLimpieza+del+hogar+en+Provincia+Santa+Fe+Rosario!3m6!1s0x95b7ab5eaf5d7fab:0xe00ca2ed40ec439a!8m2!3d-32.9540283!4d-60.6319008!15sCjBMaW1waWV6YSBkZWwgaG9nYXIgZW4gUHJvdmluY2lhIFNhbnRhIEZlIFJvc2FyaW9aMiIwbGltcGllemEgZGVsIGhvZ2FyIGVuIHByb3ZpbmNpYSBzYW50YSBmZSByb3NhcmlvkgESamFuaXRvcmlhbF9zZXJ2aWNlmgEkQ2hkRFNVaE5NRzluUzBWSlEwRm5TVVJhYVZveWJuWm5SUkFC4AEA!16s%2Fg%2F11g0zrdt8w?entry=ttu",Limpieza del hogar,Provincia Santa Fe Rosario
380,Beclean Rosario,becleanrosario.com,0341155313234,"https://www.google.com/maps/place/Beclean+Rosario/@-32.9447159,-61.2308345,10z/data=!4m10!1m2!2m1!1sLimpieza+del+hogar+en+Provincia+Santa+Fe+Rosario!3m6!1s0x95b654a8742e6105:0xea40769ba4432879!8m2!3d-32.9202882!4d-60.6851522!15sCjBMaW1waWV6YSBkZWwgaG9nYXIgZW4gUHJvdmluY2lhIFNhbnRhIEZlIFJvc2FyaW9aMiIwbGltcGllemEgZGVsIGhvZ2FyIGVuIHByb3ZpbmNpYSBzYW50YSBmZSByb3NhcmlvkgEXY2FycGV0X2NsZWFuaW5nX3NlcnZpY2WaASRDaGREU1VoTk1HOW5TMFZKUTBGblNVUTFhM00zVG5kblJSQULgAQA!16s%2Fg%2F11g8wnnygy?entry=ttu",Limpieza del hogar,Provincia Santa Fe Rosario
381,S.O.S CLEAN EMPRESA DE LIMPIEZA,soscleanrosario.com.ar,0341155875495,"https://www.google.com/maps/place/S.O.S+CLEAN+EMPRESA+DE+LIMPIEZA/@-32.9447159,-61.2308345,10z/data=!4m10!1m2!2m1!1sLimpieza+del+hogar+en+Provincia+Santa+Fe+Rosario!3m6!1s0x95b7ab1aa236c005:0xd7ec601ec97e41b2!8m2!3d-32.9522093!4d-60.6966395!15sCjBMaW1waWV6YSBkZWwgaG9nYXIgZW4gUHJvdmluY2lhIFNhbnRhIEZlIFJvc2FyaW-SARJqYW5pdG9yaWFsX3NlcnZpY2XgAQA!16s%2Fg%2F11dz27m03n?entry=ttu",Limpieza del hogar,Provincia Santa Fe Rosario
383,Integral Clean,integralclean.com.ar,03412660757,"https://www.google.com/maps/place/Integral+Clean/@-32.9447159,-61.2308345,10z/data=!4m10!1m2!2m1!1sLimpieza+del+hogar+en+Provincia+Santa+Fe+Rosario!3m6!1s0x95b7ab102d24f705:0x93747ae8cca914f2!8m2!3d-32.941961!4d-60.7046091!15sCjBMaW1waWV6YSBkZWwgaG9nYXIgZW4gUHJvdmluY2lhIFNhbnRhIEZlIFJvc2FyaW9aMiIwbGltcGllemEgZGVsIGhvZ2FyIGVuIHByb3ZpbmNpYSBzYW50YSBmZSByb3NhcmlvkgEQY2xlYW5pbmdfc2VydmljZeABAA!16s%2Fg%2F11d_8yp5t9?entry=ttu",Limpieza del hogar,Provincia Santa Fe Rosario
384,Dumar SRL,dumar.com.ar,03414810818,"https://www.google.com/maps/place/Dumar+SRL/@-32.9447159,-61.2308345,10z/data=!4m10!1m2!2m1!1sLimpieza+del+hogar+en+Provincia+Santa+Fe+Rosario!3m6!1s0x95b7abb260c2e5bb:0x181f8e41cdfebd5c!8m2!3d-32.9735786!4d-60.6316631!15sCjBMaW1waWV6YSBkZWwgaG9nYXIgZW4gUHJvdmluY2lhIFNhbnRhIEZlIFJvc2FyaW9aMiIwbGltcGllemEgZGVsIGhvZ2FyIGVuIHByb3ZpbmNpYSBzYW50YSBmZSByb3NhcmlvkgEaY2xlYW5pbmdfcHJvZHVjdHNfc3VwcGxpZXKaASNDaFpEU1VoTk1HOW5TMFZKUTBGblNVUlhPVTV5ZUZsM0VBReABAA!16s%2Fg%2F1tmxxs8r?entry=ttu",Limpieza del hogar,Provincia Santa Fe Rosario
386,Limperio,limperio.com.ar,03412168379,"https://www.google.com/maps/place/Limperio/@-32.9447159,-61.2308345,10z/data=!4m10!1m2!2m1!1sLimpieza+del+hogar+en+Provincia+Santa+Fe+Rosario!3m6!1s0x610df8994d72ec29:0xf5efa34989d35ace!8m2!3d-32.9471996!4d-60.6717589!15sCjBMaW1waWV6YSBkZWwgaG9nYXIgZW4gUHJvdmluY2lhIFNhbnRhIEZlIFJvc2FyaW9aMiIwbGltcGllemEgZGVsIGhvZ2FyIGVuIHByb3ZpbmNpYSBzYW50YSBmZSByb3NhcmlvkgESamFuaXRvcmlhbF9zZXJ2aWNlmgEjQ2haRFNVaE5NRzluUzBWSlEwRm5TVVJYZEdSSFRsVkJFQUXgAQA!16s%2Fg%2F11sms44spl?entry=ttu",Limpieza del hogar,Provincia Santa Fe Rosario
387,HK PROFESIONAL,hkprofesional.com.ar,03414375578,"https://www.google.com/maps/place/HK+PROFESIONAL/@-32.9447159,-61.2308345,10z/data=!4m10!1m2!2m1!1sLimpieza+del+hogar+en+Provincia+Santa+Fe+Rosario!3m6!1s0x95b65355a63fe011:0x7034dc73d9f3543f!8m2!3d-32.9297147!4d-60.6770034!15sCjBMaW1waWV6YSBkZWwgaG9nYXIgZW4gUHJvdmluY2lhIFNhbnRhIEZlIFJvc2FyaW-SARBjbGVhbmluZ19zZXJ2aWNl4AEA!16s%2Fg%2F11b6_n79m_?entry=ttu",Limpieza del hogar,Provincia Santa Fe Rosario
390,Hardward Sa,hardward.com.ar,03414239513,"https://www.google.com/maps/place/Hardward+Sa/@-38.45155,-64.1757779,10z/data=!4m10!1m2!2m1!1sLimpieza+del+hogar+en+Provincia+Santa+Fe+Rosario!3m6!1s0x95b7ab68631121bf:0xda18cfabfec2073a!8m2!3d-38.45155!4d-63.5989957!15sCjBMaW1waWV6YSBkZWwgaG9nYXIgZW4gUHJvdmluY2lhIFNhbnRhIEZlIFJvc2FyaW-SAQhjbGVhbmVyc-ABAA!16s%2Fg%2F11b6gqqg90?entry=ttu",Limpieza del hogar,Provincia Santa Fe Rosario
391,Limpeco - Limpieza y Mantenimiento Rosario,servicioslimpeco.com,03414823585,"https://www.google.com/maps/place/Limpeco+-+Limpieza+y+Mantenimiento+Rosario/@-38.45155,-64.1757779,10z/data=!4m10!1m2!2m1!1sLimpieza+del+hogar+en+Provincia+Santa+Fe+Rosario!3m6!1s0x95b7ab0ddb6fa38b:0x1396736a39ab3130!8m2!3d-32.9570732!4d-60.6465006!15sCjBMaW1waWV6YSBkZWwgaG9nYXIgZW4gUHJvdmluY2lhIFNhbnRhIEZlIFJvc2FyaW-SAQhjbGVhbmVyc-ABAA!16s%2Fg%2F11fxwmgm4s?entry=ttu",Limpieza del hogar,Provincia Santa Fe Rosario
392,Clean Center,clean-center.com.ar,03414520603,"https://www.google.com/maps/place/Clean+Center/@-32.9570732,-61.2232828,10z/data=!4m10!1m2!2m1!1sLimpieza+del+hogar+en+Provincia+Santa+Fe+Rosario!3m6!1s0x95b652dc88633acb:0x385ed0a9188bfbeb!8m2!3d-32.929676!4d-60.7306652!15sCjBMaW1waWV6YSBkZWwgaG9nYXIgZW4gUHJvdmluY2lhIFNhbnRhIEZlIFJvc2FyaW-SARBjbGVhbmluZ19zZXJ2aWNl4AEA!16s%2Fg%2F11bbrltmgw?entry=ttu",Limpieza del hogar,Provincia Santa Fe Rosario
393,SKAYCLEAN,skaycleanrosario.com.ar,03412431597,"https://www.google.com/maps/place/SKAYCLEAN/@-32.9570732,-61.2232828,10z/data=!4m10!1m2!2m1!1sLimpieza+del+hogar+en+Provincia+Santa+Fe+Rosario!3m6!1s0x95b7ab1ea9e23783:0x8664aa6e172e8e57!8m2!3d-32.9469783!4d-60.6339978!15sCjBMaW1waWV6YSBkZWwgaG9nYXIgZW4gUHJvdmluY2lhIFNhbnRhIEZlIFJvc2FyaW-SARBjbGVhbmluZ19zZXJ2aWNl4AEA!16s%2Fg%2F11bbrmb8mz?entry=ttu",Limpieza del hogar,Provincia Santa Fe Rosario
395,Matic Laundry - Lavandería y Tintorería a domicilio en Rosario,maticlaundry.com.ar,03413302033,"https://www.google.com/maps/place/Matic+Laundry+-+Lavander%C3%ADa+y+Tintorer%C3%ADa+a+domicilio+en+Rosario/@-32.9570732,-61.2232828,10z/data=!4m10!1m2!2m1!1sLimpieza+del+hogar+en+Provincia+Santa+Fe+Rosario!3m6!1s0x95b7abb573f9853b:0xe8b337001f0f1181!8m2!3d-32.961023!4d-60.640617!15sCjBMaW1waWV6YSBkZWwgaG9nYXIgZW4gUHJvdmluY2lhIFNhbnRhIEZlIFJvc2FyaW9aMiIwbGltcGllemEgZGVsIGhvZ2FyIGVuIHByb3ZpbmNpYSBzYW50YSBmZSByb3NhcmlvkgEHbGF1bmRyeeABAA!16s%2Fg%2F11g_v6thw7?entry=ttu",Limpieza del hogar,Provincia Santa Fe Rosario
399,Limp Ar,limpar.com.ar,0,"https://www.google.com/maps/place/Limp+Ar/@-32.9189294,-61.3893667,10z/data=!4m10!1m2!2m1!1sLimpieza+del+hogar+en+Provincia+Santa+Fe+Rosario!3m6!1s0x95b7ace34cc4c785:0x63a0b1101762618c!8m2!3d-32.9728853!4d-60.716707!15sCjBMaW1waWV6YSBkZWwgaG9nYXIgZW4gUHJvdmluY2lhIFNhbnRhIEZlIFJvc2FyaW-SARBjb3Jwb3JhdGVfb2ZmaWNl4AEA!16s%2Fg%2F11c542bdt0?entry=ttu",Limpieza del hogar,Provincia Santa Fe Rosario
402,Industrias Litoral,industriaslitoral.com.ar,03414322424,"https://www.google.com/maps/place/Industrias+Litoral/@-32.9327238,-61.238097,10z/data=!4m10!1m2!2m1!1sLimpieza+del+hogar+en+Provincia+Santa+Fe+Rosario!3m6!1s0x95b7ac7f6f24460d:0x9055adfdff436cac!8m2!3d-32.9767597!4d-60.6757029!15sCjBMaW1waWV6YSBkZWwgaG9nYXIgZW4gUHJvdmluY2lhIFNhbnRhIEZlIFJvc2FyaW-SARpjbGVhbmluZ19wcm9kdWN0c19zdXBwbGllcuABAA!16s%2Fg%2F1th88991?entry=ttu",Limpieza del hogar,Provincia Santa Fe Rosario
406,Sol Servicios,solservicios.com.ar,03424608240,"https://www.google.com/maps/place/Sol+Servicios/@-32.1703242,-63.042118,10z/data=!4m10!1m2!2m1!1sLimpieza+del+hogar+en+Provincia+Santa+Fe+Rosario!3m6!1s0x95b5a9e6fd2598f9:0xd41427d1389350e6!8m2!3d-31.618858!4d-60.694939!15sCjBMaW1waWV6YSBkZWwgaG9nYXIgZW4gUHJvdmluY2lhIFNhbnRhIEZlIFJvc2FyaW-SARBjbGVhbmluZ19zZXJ2aWNl4AEA!16s%2Fg%2F1vljhj18?entry=ttu",Limpieza del hogar,Provincia Santa Fe Rosario
417,Caysa SRL - Servicio Integral de Limpieza,caysa-srl.com,03414821790,"https://www.google.com/maps/place/Caysa+SRL+-+Servicio+Integral+de+Limpieza/@-32.9638893,-61.2089267,10z/data=!4m10!1m2!2m1!1sLimpieza+del+hogar+en+Provincia+Santa+Fe+Rosario!3m6!1s0x95b7ab0dbf395271:0x737399b60ba0fb2e!8m2!3d-32.9573959!4d-60.647546!15sCjBMaW1waWV6YSBkZWwgaG9nYXIgZW4gUHJvdmluY2lhIFNhbnRhIEZlIFJvc2FyaW-SAQhjbGVhbmVyc-ABAA!16s%2Fg%2F11bbrm165n?entry=ttu",Limpieza del hogar,Provincia Santa Fe Rosario
430,Clean Shop,cleanshop.ar,03412295121,"https://www.google.com/maps/place/Clean+Shop/@-32.9399603,-61.3089982,10z/data=!4m10!1m2!2m1!1sLimpieza+del+hogar+en+Provincia+Santa+Fe+Rosario!3m6!1s0x95b7ab6a3956be39:0xec3b54868b4ee53e!8m2!3d-32.951691!4d-60.6525969!15sCjBMaW1waWV6YSBkZWwgaG9nYXIgZW4gUHJvdmluY2lhIFNhbnRhIEZlIFJvc2FyaW-SARpjbGVhbmluZ19wcm9kdWN0c19zdXBwbGllcuABAA!16s%2Fg%2F11qr1p543d?entry=ttu",Limpieza del hogar,Provincia Santa Fe Rosario
431,Santa Fe Limpieza,santafelimpieza.com.ar,03424580505,"https://www.google.com/maps/place/Santa+Fe+Limpieza/@-32.9399603,-61.3089982,10z/data=!4m10!1m2!2m1!1sLimpieza+del+hogar+en+Provincia+Santa+Fe+Rosario!3m6!1s0x95b5a9aef62b5741:0xaf81c3a7eaf91611!8m2!3d-31.6504309!4d-60.7134296!15sCjBMaW1waWV6YSBkZWwgaG9nYXIgZW4gUHJvdmluY2lhIFNhbnRhIEZlIFJvc2FyaW-SARJqYW5pdG9yaWFsX3NlcnZpY2XgAQA!16s%2Fg%2F11c1wzyr3m?entry=ttu",Limpieza del hogar,Provincia Santa Fe Rosario
437,Gentile Electrodomésticos,gentilehogar.com.ar,03414211060,"https://www.google.com/maps/place/Gentile+Electrodom%C3%A9sticos/@-32.9347286,-61.2475966,10z/data=!4m10!1m2!2m1!1sLimpieza+del+hogar+en+Provincia+Santa+Fe+Rosario!3m6!1s0x95b7ab13cc625849:0x67c3951cc7d80486!8m2!3d-32.9529043!4d-60.646986!15sCjBMaW1waWV6YSBkZWwgaG9nYXIgZW4gUHJvdmluY2lhIFNhbnRhIEZlIFJvc2FyaW9aMiIwbGltcGllemEgZGVsIGhvZ2FyIGVuIHByb3ZpbmNpYSBzYW50YSBmZSByb3NhcmlvkgEPYXBwbGlhbmNlX3N0b3JlmgEkQ2hkRFNVaE5NRzluUzBWSlEwRm5TVVJ4ZGxCRFdEbG5SUkFC4AEA!16s%2Fg%2F11b6j5h_wy?entry=ttu",Limpieza del hogar,Provincia Santa Fe Rosario
439,Rosario Service Group,rsgservicios.com.ar,03415403234,"https://www.google.com/maps/place/Rosario+Service+Group/@-32.9347286,-61.2475966,10z/data=!4m10!1m2!2m1!1sLimpieza+del+hogar+en+Provincia+Santa+Fe+Rosario!3m6!1s0x1abc17049ab037b:0x6e292ed5e2e64d79!8m2!3d-32.9522093!4d-60.6966395!15sCjBMaW1waWV6YSBkZWwgaG9nYXIgZW4gUHJvdmluY2lhIFNhbnRhIEZlIFJvc2FyaW-SARJqYW5pdG9yaWFsX3NlcnZpY2XgAQA!16s%2Fg%2F11y2htk26_?entry=ttu",Limpieza del hogar,Provincia Santa Fe Rosario
441,Lavandería Automática,gurugo.com.ar,03414240705,"https://www.google.com/maps/place/Lavander%C3%ADa+Autom%C3%A1tica/@-32.9347286,-61.2475966,10z/data=!4m10!1m2!2m1!1sLimpieza+del+hogar+en+Provincia+Santa+Fe+Rosario!3m6!1s0x95b7ab146bdf197d:0xdb4abde40458dde9!8m2!3d-32.949615!4d-60.647741!15sCjBMaW1waWV6YSBkZWwgaG9nYXIgZW4gUHJvdmluY2lhIFNhbnRhIEZlIFJvc2FyaW9aMiIwbGltcGllemEgZGVsIGhvZ2FyIGVuIHByb3ZpbmNpYSBzYW50YSBmZSByb3NhcmlvkgEQaG9tZV9nb29kc19zdG9yZZoBI0NoWkRTVWhOTUc5blMwVkpRMEZuU1VSWk1qbEVNVmxCRUFF4AEA!16s%2Fg%2F1vlk2rbk?entry=ttu",Limpieza del hogar,Provincia Santa Fe Rosario
446,El Palacio de La Limpieza,elpalaciodelalimpieza.com.ar,02234933232,"https://www.google.com/maps/place/El+Palacio+de+La+Limpieza/@-37.9991964,-57.6051222,13z/data=!4m10!1m2!2m1!1sLimpieza+del+hogar+en+Provincia+Buenos+Aires,+mar+del+plata!3m6!1s0x9584dea999d6c7a1:0xbe9413308c3783be!8m2!3d-37.9984884!4d-57.5555936!15sCjtMaW1waWV6YSBkZWwgaG9nYXIgZW4gUHJvdmluY2lhIEJ1ZW5vcyBBaXJlcywgbWFyIGRlbCBwbGF0YVo8IjpsaW1waWV6YSBkZWwgaG9nYXIgZW4gcHJvdmluY2lhIGJ1ZW5vcyBhaXJlcyBtYXIgZGVsIHBsYXRhkgEQaG9tZV9nb29kc19zdG9yZZoBJENoZERTVWhOTUc5blMwVkpRMEZuU1VNNGJUaGxPR3AzUlJBQuABAA!16s%2Fg%2F1tj92qp6?entry=ttu",Limpieza del hogar,"Provincia Buenos Aires, mar del plata"
449,Química Dem,quimicadem.com.ar,02234702573,"https://www.google.com/maps/place/Qu%C3%ADmica+Dem/@-38.0252413,-57.6404874,13z/data=!4m10!1m2!2m1!1sLimpieza+del+hogar+en+Provincia+Buenos+Aires,+mar+del+plata!3m6!1s0x9584d91b17e8ef4b:0x7082b9da49890dbf!8m2!3d-37.9763425!4d-57.5908785!15sCjtMaW1waWV6YSBkZWwgaG9nYXIgZW4gUHJvdmluY2lhIEJ1ZW5vcyBBaXJlcywgbWFyIGRlbCBwbGF0YVo8IjpsaW1waWV6YSBkZWwgaG9nYXIgZW4gcHJvdmluY2lhIGJ1ZW5vcyBhaXJlcyBtYXIgZGVsIHBsYXRhkgEQaG9tZV9nb29kc19zdG9yZZoBJENoZERTVWhOTUc5blMwVkpRMEZuU1VSRGRtUjFTVGhuUlJBQuABAA!16s%2Fg%2F11ckr_cl6l?entry=ttu",Limpieza del hogar,"Provincia Buenos Aires, mar del plata"
