name,website,reviews_score,reviews_amount,phone,googlemaps_link,category,zone
COSEHIN,,4.5,47,2664423035,"https://www.google.com/maps/place/COSEHIN/@-33.2976297,-66.3920661,12z/data=!4m10!1m2!2m1!1sEmpresa+de+fumigaci%C3%83%C2%B3n+y+control+de+plagas+en+san+luis!3m6!1s0x95d43be46db08ec1:0xd1b67090cdfc8a!8m2!3d-33.3141379!4d-66.3451881!15sCjhFbXByZXNhIGRlIGZ1bWlnYWNpw4PCs24geSBjb250cm9sIGRlIHBsYWdhcyBlbiBzYW4gbHVpc1o6IjhlbXByZXNhIGRlIGZ1bWlnYWNpw6PCs24geSBjb250cm9sIGRlIHBsYWdhcyBlbiBzYW4gbHVpc5IBFHBlc3RfY29udHJvbF9zZXJ2aWNl4AEA!16s%2Fg%2F1tf_v1g2?entry=ttu",Empresa de fumigaciÃ³n y control de plagas,san luis
Fumigaciones Solube,solube.com,4.7,41,2664657890,"https://www.google.com/maps/place/Fumigaciones+Solube/@-33.3141379,-66.4893837,12z/data=!4m10!1m2!2m1!1sEmpresa+de+fumigaci%C3%83%C2%B3n+y+control+de+plagas+en+san+luis!3m6!1s0x95d43fff3ff80b29:0x19bcdb714d757c5!8m2!3d-33.2976569!4d-66.3096657!15sCjhFbXByZXNhIGRlIGZ1bWlnYWNpw4PCs24geSBjb250cm9sIGRlIHBsYWdhcyBlbiBzYW4gbHVpc1o6IjhlbXByZXNhIGRlIGZ1bWlnYWNpw6PCs24geSBjb250cm9sIGRlIHBsYWdhcyBlbiBzYW4gbHVpc5IBFHBlc3RfY29udHJvbF9zZXJ2aWNlmgEkQ2hkRFNVaE5NRzluUzBWSlEwRm5TVU10ZFVwdGVUSlJSUkFC4AEA!16s%2Fg%2F11mhjy96ps?entry=ttu",Empresa de fumigaciÃ³n y control de plagas,san luis
Grupo Omega Saneamientos San Luis,control-plagas.com.ar,4.9,14,266154252416,"https://www.google.com/maps/place/Grupo+Omega+Saneamientos+San+Luis/@-33.3141379,-66.4893837,12z/data=!4m10!1m2!2m1!1sEmpresa+de+fumigaci%C3%83%C2%B3n+y+control+de+plagas+en+san+luis!3m6!1s0x95d4394bd7f9a73b:0x20c98a305a0c2a8e!8m2!3d-33.3045704!4d-66.3402322!15sCjhFbXByZXNhIGRlIGZ1bWlnYWNpw4PCs24geSBjb250cm9sIGRlIHBsYWdhcyBlbiBzYW4gbHVpc5IBFHBlc3RfY29udHJvbF9zZXJ2aWNl4AEA!16s%2Fg%2F11s7mkzflz?entry=ttu",Empresa de fumigaciÃ³n y control de plagas,san luis
SLM Desinfecciones,,4.3,7,2664666664,"https://www.google.com/maps/place/SLM+Desinfecciones/@-33.3141379,-66.4893837,12z/data=!4m10!1m2!2m1!1sEmpresa+de+fumigaci%C3%83%C2%B3n+y+control+de+plagas+en+san+luis!3m6!1s0x95d43953dcca645d:0xa547b04b93eee6d8!8m2!3d-33.299107!4d-66.337128!15sCjhFbXByZXNhIGRlIGZ1bWlnYWNpw4PCs24geSBjb250cm9sIGRlIHBsYWdhcyBlbiBzYW4gbHVpc5IBFHBlc3RfY29udHJvbF9zZXJ2aWNl4AEA!16s%2Fg%2F11bbrn9842?entry=ttu",Empresa de fumigaciÃ³n y control de plagas,san luis
Servicios Integrados,,4.5,2,,"https://www.google.com/maps/place/Servicios+Integrados/@-33.3141379,-66.4893837,12z/data=!4m10!1m2!2m1!1sEmpresa+de+fumigaci%C3%83%C2%B3n+y+control+de+plagas+en+san+luis!3m6!1s0x95d4394c36830621:0x4941f99c5ff0b130!8m2!3d-33.2921818!4d-66.3366466!15sCjhFbXByZXNhIGRlIGZ1bWlnYWNpw4PCs24geSBjb250cm9sIGRlIHBsYWdhcyBlbiBzYW4gbHVpc5IBFHBlc3RfY29udHJvbF9zZXJ2aWNl4AEA!16s%2Fg%2F11hbl1pqmp?entry=ttu",Empresa de fumigaciÃ³n y control de plagas,san luis
"Estudio Posca San Luis - Abogados Accidentes de Trabajo ART, Tránsito - Despidos",sanluis.estudioposca.com.ar,4.9,18,266154000449,"https://www.google.com/maps/place/Estudio+Posca+San+Luis+-+Abogados+Accidentes+de+Trabajo+ART,+Tr%C3%A1nsito+-+Despidos/@-33.3025505,-66.3490734,14z/data=!4m10!1m2!2m1!1sAbogado+en+san+luis!3m6!1s0x95d439451a05de7f:0xc0fbf7be272801b1!8m2!3d-33.3001517!4d-66.3362069!15sChNBYm9nYWRvIGVuIHNhbiBsdWlzkgEGbGF3eWVy4AEA!16s%2Fg%2F11gn1w44n2?entry=ttu",Abogado,san luis
Camargo + Asociados - Estudio Jurídico,camargoasociados.com,4.7,21,2664489066,"https://www.google.com/maps/place/Camargo+%2B+Asociados+-+Estudio+Jur%C3%ADdico/@-33.3001517,-66.3722558,14z/data=!4m10!1m2!2m1!1sAbogado+en+san+luis!3m6!1s0x95d43c00ff2b7ca3:0x3db68aa7c79845d3!8m2!3d-33.3074834!4d-66.3305073!15sChNBYm9nYWRvIGVuIHNhbiBsdWlzWhUiE2Fib2dhZG8gZW4gc2FuIGx1aXOSAQZsYXd5ZXLgAQA!16s%2Fg%2F1hm50d6w5?entry=ttu",Abogado,san luis
El Chaer Estudio Jurídico Integral,elchaeryasociados.com,,,2664758528,"https://www.google.com/maps/place/El+Chaer+Estudio+Jur%C3%ADdico+Integral/@-33.3001517,-66.3722558,14z/data=!4m10!1m2!2m1!1sAbogado+en+san+luis!3m6!1s0x95d439458b273b6d:0x171e0ffbcaa01e9!8m2!3d-33.2946674!4d-66.3321378!15sChNBYm9nYWRvIGVuIHNhbiBsdWlzkgEGbGF3eWVy4AEA!16s%2Fg%2F11hds42rjv?entry=ttu",Abogado,san luis
Estudio Jurídico Sarmiento - Giordano  Asoc.,m.facebook.com,5.0,11,266154615552,"https://www.google.com/maps/place/Estudio+Jur%C3%ADdico+Sarmiento+-+Giordano+%26+Asoc./@-33.3001517,-66.3722558,14z/data=!4m10!1m2!2m1!1sAbogado+en+san+luis!3m6!1s0x95d439a8fa3a8655:0x1314833b8fdb8ba3!8m2!3d-33.30514!4d-66.3333359!15sChNBYm9nYWRvIGVuIHNhbiBsdWlzkgEObGVnYWxfc2VydmljZXPgAQA!16s%2Fg%2F11h7nbhlh6?entry=ttu",Abogado,san luis
Estudio Jurídicio Sepak | Abogados en San Luis |,wa.link,,,2664334228,"https://www.google.com/maps/place/Estudio+Jur%C3%ADdicio+Sepak+%7C+Abogados+en+San+Luis+%7C/@-33.3001517,-66.3722558,14z/data=!4m10!1m2!2m1!1sAbogado+en+san+luis!3m6!1s0x95d439e9218f8799:0xee606ad7688c461a!8m2!3d-33.3037388!4d-66.3337505!15sChNBYm9nYWRvIGVuIHNhbiBsdWlzkgEGbGF3eWVy4AEA!16s%2Fg%2F11k53qjvym?entry=ttu",Abogado,san luis
José Luis Heredia  Abogados Asoc,,5.0,1,2664790814,"https://www.google.com/maps/place/Jos%C3%A9+Luis+Heredia+%26+Abogados+Asoc/@-33.3001517,-66.3722558,14z/data=!4m10!1m2!2m1!1sAbogado+en+san+luis!3m6!1s0x95d43953a1c6739b:0x436b8f0f15f19b12!8m2!3d-33.2987343!4d-66.3350894!15sChNBYm9nYWRvIGVuIHNhbiBsdWlzkgEJYmFycmlzdGVy4AEA!16s%2Fg%2F11g_0hfwj?entry=ttu",Abogado,san luis
ESTUDIO JURIDICO OLIVERA AGUIRRE,,4.5,17,2664552856,"https://www.google.com/maps/place/ESTUDIO+JURIDICO+OLIVERA+AGUIRRE/@-33.3001517,-66.3722558,14z/data=!4m10!1m2!2m1!1sAbogado+en+san+luis!3m6!1s0x95d43ea45c4bccef:0x1a7874f474bba57c!8m2!3d-33.2956899!4d-66.3155756!15sChNBYm9nYWRvIGVuIHNhbiBsdWlzkgEIbGF3X2Zpcm3gAQA!16s%2Fg%2F11g817k6l9?entry=ttu",Abogado,san luis
Rocha  Nobile abogados,,5.0,1,2664484812,"https://www.google.com/maps/place/Rocha+%26+Nobile+abogados/@-33.2956899,-66.3516245,14z/data=!4m10!1m2!2m1!1sAbogado+en+san+luis!3m6!1s0x95d4395314bfcb83:0x7a370eaa762b06d5!8m2!3d-33.3050772!4d-66.3413721!15sChNBYm9nYWRvIGVuIHNhbiBsdWlzkgEGbGF3eWVy4AEA!16s%2Fg%2F11tjhrnftt?entry=ttu",Abogado,san luis
JOSE GUILLEN - ABOGADO,,,,2664201362,"https://www.google.com/maps/place/JOSE+GUILLEN+-+ABOGADO/@-33.3050772,-66.377421,14z/data=!4m10!1m2!2m1!1sAbogado+en+san+luis!3m6!1s0x95d43ba181b63c5b:0xe227409815be2479!8m2!3d-33.3064267!4d-66.3320415!15sChNBYm9nYWRvIGVuIHNhbiBsdWlzkgEJYmFycmlzdGVy4AEA!16s%2Fg%2F11qbr7rv2y?entry=ttu",Abogado,san luis
CANGIANO - ABOGADOS,,4.9,13,2665035190,"https://www.google.com/maps/place/CANGIANO+-+ABOGADOS/@-33.3050772,-66.377421,14z/data=!4m10!1m2!2m1!1sAbogado+en+san+luis!3m6!1s0x95d43f57b8016775:0x2a430ab410f5c1bd!8m2!3d-33.3030941!4d-66.3297189!15sChNBYm9nYWRvIGVuIHNhbiBsdWlzkgEIbGF3X2Zpcm3gAQA!16s%2Fg%2F11gpnfdz21?entry=ttu",Abogado,san luis
Estudio Jurídico PÉRSICO,estudiopersico.wordpress.com,5.0,6,2664213434,"https://www.google.com/maps/place/Estudio+Jur%C3%ADdico+P%C3%89RSICO/@-33.3030941,-66.3657678,14z/data=!4m10!1m2!2m1!1sAbogado+en+san+luis!3m6!1s0x95d43fb88e173f97:0x5e7bc46825f72c43!8m2!3d-33.3006485!4d-66.3266785!15sChNBYm9nYWRvIGVuIHNhbiBsdWlzWhUiE2Fib2dhZG8gZW4gc2FuIGx1aXOSARlnZW5lcmFsX3ByYWN0aWNlX2F0dG9ybmV54AEA!16s%2Fg%2F11jg5vhq_1?entry=ttu",Abogado,san luis
ROC abogados,rocabogados.ar,5.0,10,2664309293,"https://www.google.com/maps/place/ROC+abogados/@-33.3006485,-66.3627274,14z/data=!4m10!1m2!2m1!1sAbogado+en+san+luis!3m6!1s0x95d4394c5394e30d:0x2e35ab4ffb895ac9!8m2!3d-33.298206!4d-66.3405777!15sChNBYm9nYWRvIGVuIHNhbiBsdWlzWhUiE2Fib2dhZG8gZW4gc2FuIGx1aXOSAQZsYXd5ZXKaASNDaFpEU1VoTk1HOW5TMFZKUTBGblNVTXhibU5ZTFdOQkVBReABAA!16s%2Fg%2F11lkc_l7xc?entry=ttu",Abogado,san luis
Colegio de Abogados y Procuradores San Luis,,4.5,33,2664425260,"https://www.google.com/maps/place/Colegio+de+Abogados+y+Procuradores+San+Luis/@-33.298206,-66.3766266,14z/data=!4m10!1m2!2m1!1sAbogado+en+san+luis!3m6!1s0x95d43bdd6b09893b:0x7e2dcb8af215f2a7!8m2!3d-33.3064212!4d-66.3335029!15sChNBYm9nYWRvIGVuIHNhbiBsdWlzkgEGbGF3eWVy4AEA!16s%2Fg%2F11qmbc0plv?entry=ttu",Abogado,san luis
Estudio Juridico AE,,5.0,5,2664688668,"https://www.google.com/maps/place/Estudio+Juridico+AE/@-33.298206,-66.3766266,14z/data=!4m10!1m2!2m1!1sAbogado+en+san+luis!3m6!1s0x95d43b573ab04a49:0xd51ee61adb48843f!8m2!3d-33.3101032!4d-66.333689!15sChNBYm9nYWRvIGVuIHNhbiBsdWlzkgEGbGF3eWVy4AEA!16s%2Fg%2F11rd_y242v?entry=ttu",Abogado,san luis
ABOGADOS SAN LUIS: ESTUDIO JURÍDICO GATICA  ASOCIADOS,estudio-gatica.com.ar,5.0,4,2664408946,"https://www.google.com/maps/place/ABOGADOS+SAN+LUIS:+ESTUDIO+JUR%C3%8DDICO+GATICA+%26+ASOCIADOS/@-33.298206,-66.3766266,14z/data=!4m10!1m2!2m1!1sAbogado+en+san+luis!3m6!1s0x95d43bffc05a841b:0x9f370c03f3d418b6!8m2!3d-33.3063469!4d-66.3337087!15sChNBYm9nYWRvIGVuIHNhbiBsdWlzkgEbcGFyYWxlZ2FsX3NlcnZpY2VzX3Byb3ZpZGVy4AEA!16s%2Fg%2F11ckqmn7mq?entry=ttu",Abogado,san luis
Estudio Jurídico Prestigio,,4.9,13,2664338825,"https://www.google.com/maps/place/Estudio+Jur%C3%ADdico+Prestigio/@-33.298206,-66.3766266,14z/data=!4m10!1m2!2m1!1sAbogado+en+san+luis!3m6!1s0x95d439a546831c59:0xea8aca8c8dc321a1!8m2!3d-33.2948657!4d-66.337341!15sChNBYm9nYWRvIGVuIHNhbiBsdWlzWhUiE2Fib2dhZG8gZW4gc2FuIGx1aXOSAQZsYXd5ZXLgAQA!16s%2Fg%2F11qg7wxnhr?entry=ttu",Abogado,san luis
Estudio Varela  ASOC,,,,2664770373,"https://www.google.com/maps/place/Estudio+Varela+%26+ASOC/@-33.298206,-66.3766266,14z/data=!4m10!1m2!2m1!1sAbogado+en+san+luis!3m6!1s0x95d43981858fcbfd:0xd19de770dd5eebb5!8m2!3d-33.3008439!4d-66.3328784!15sChNBYm9nYWRvIGVuIHNhbiBsdWlzkgEGbGF3eWVy4AEA!16s%2Fg%2F11l38b5wrg?entry=ttu",Abogado,san luis
Estudio Jurídico Dr. Escudero,,,,2664757160,"https://www.google.com/maps/place/Estudio+Jur%C3%ADdico+Dr.+Escudero/@-33.3008439,-66.3689273,14z/data=!4m10!1m2!2m1!1sAbogado+en+san+luis!3m6!1s0x95d43b2a3ff57f41:0xe70b7b4e57ec38f7!8m2!3d-33.3060353!4d-66.335047!15sChNBYm9nYWRvIGVuIHNhbiBsdWlzkgEZZ2VuZXJhbF9wcmFjdGljZV9hdHRvcm5leeABAA!16s%2Fg%2F11spp21xx4?entry=ttu",Abogado,san luis
Estudio Agundez Abogados,estudioagundezabogados.com,4.9,19,266154315301,"https://www.google.com/maps/place/Estudio+Agundez+Abogados/@-33.3008439,-66.3689273,14z/data=!4m10!1m2!2m1!1sAbogado+en+san+luis!3m6!1s0x95d43ba06965d43f:0xee59655a3148dd9e!8m2!3d-33.310437!4d-66.3339281!15sChNBYm9nYWRvIGVuIHNhbiBsdWlzWhUiE2Fib2dhZG8gZW4gc2FuIGx1aXOSAQZsYXd5ZXKaASRDaGREU1VoTk1HOW5TMFZKUTBGblNVTnNkWFZsTUhCQlJSQULgAQA!16s%2Fg%2F11vdkk3lpq?entry=ttu",Abogado,san luis
Estudio Juridico ABOGANDO SL - sede San Luis,,,,2665039966,"https://www.google.com/maps/place/Estudio+Juridico+ABOGANDO+SL+-+sede+San+Luis/@-33.3008439,-66.3689273,14z/data=!4m10!1m2!2m1!1sAbogado+en+san+luis!3m6!1s0x95d43b4c68a789e1:0x4cd8738b1600dfc1!8m2!3d-33.3075027!4d-66.3334828!15sChNBYm9nYWRvIGVuIHNhbiBsdWlzkgEGbGF3eWVy4AEA!16s%2Fg%2F11lcxbk0g4?entry=ttu",Abogado,san luis
ESTUDIO JURIDICO Y PREVISIONAL PENNA  ASOC.,,5.0,3,2664430841,"https://www.google.com/maps/place/ESTUDIO+JURIDICO+Y+PREVISIONAL+PENNA+%26+ASOC./@-33.3008439,-66.3689273,14z/data=!4m10!1m2!2m1!1sAbogado+en+san+luis!3m6!1s0x95d4394cc27c4f07:0xe9ff48bdc228b8d0!8m2!3d-33.3027507!4d-66.3330812!15sChNBYm9nYWRvIGVuIHNhbiBsdWlzWhUiE2Fib2dhZG8gZW4gc2FuIGx1aXOSAQliYXJyaXN0ZXLgAQA!16s%2Fg%2F11fklbjhh4?entry=ttu",Abogado,san luis
Estudio Clebot Guasconi  Asoc,,5.0,1,266155100850,"https://www.google.com/maps/place/Estudio+Clebot+Guasconi+%26+Asoc/@-33.3008439,-66.3689273,14z/data=!4m10!1m2!2m1!1sAbogado+en+san+luis!3m6!1s0x95d43bd602f13d65:0x33cef0c1f5c76336!8m2!3d-33.3063842!4d-66.3361931!15sChNBYm9nYWRvIGVuIHNhbiBsdWlzkgEYbGFib3JfcmVsYXRpb25zX2F0dG9ybmV54AEA!16s%2Fg%2F11j4xvnhrv?entry=ttu",Abogado,san luis
Pagano y Asociados Estudio de Abogados,,,,,"https://www.google.com/maps/place/Pagano+y+Asociados+Estudio+de+Abogados/@-33.3008439,-66.3689273,14z/data=!4m10!1m2!2m1!1sAbogado+en+san+luis!3m6!1s0x95d43bfe4b4aaf7b:0x851ed57d54b29c7e!8m2!3d-33.3069788!4d-66.3348161!15sChNBYm9nYWRvIGVuIHNhbiBsdWlzkgEGbGF3eWVy4AEA!16s%2Fg%2F1tlkdkfp?entry=ttu",Abogado,san luis
Estudio Juridico Savino Cynthia Lorena,,2.0,1,,"https://www.google.com/maps/place/Estudio+Juridico+Savino+Cynthia+Lorena/@-33.3008439,-66.3689273,14z/data=!4m10!1m2!2m1!1sAbogado+en+san+luis!3m6!1s0x95d43ea92737383d:0x414e18d2af26eaf1!8m2!3d-33.2987301!4d-66.3242002!15sChNBYm9nYWRvIGVuIHNhbiBsdWlzkgEGbGF3eWVy4AEA!16s%2Fg%2F1hc8b9ljm?entry=ttu",Abogado,san luis
Estudio Zavala Agüero,,5.0,7,2664306530,"https://www.google.com/maps/place/Estudio+Zavala+Ag%C3%BCero/@-33.2987301,-66.3602491,14z/data=!4m10!1m2!2m1!1sAbogado+en+san+luis!3m6!1s0x95d43f12d1246b4f:0x4993d5ed80a3580a!8m2!3d-33.2982111!4d-66.3225295!15sChNBYm9nYWRvIGVuIHNhbiBsdWlzkgEGbGF3eWVy4AEA!16s%2Fg%2F11ts9qwtlh?entry=ttu",Abogado,san luis
Estudio Juridico Fernando Ariel Ofria,,,,2664652073,"https://www.google.com/maps/place/Estudio+Juridico+Fernando+Ariel+Ofria/@-33.2987301,-66.3602491,14z/data=!4m10!1m2!2m1!1sAbogado+en+san+luis!3m6!1s0x95d439543c06519d:0xbb155096bbc2a0d3!8m2!3d-33.3007299!4d-66.3334037!15sChNBYm9nYWRvIGVuIHNhbiBsdWlzkgEGbGF3eWVy4AEA!16s%2Fg%2F11bbrjvq41?entry=ttu",Abogado,san luis
ESTUDIO JURÍDICO POLICASTRO  ASOCIADOS.,,5.0,3,2664851075,"https://www.google.com/maps/place/ESTUDIO+JUR%C3%8DDICO+POLICASTRO+%26+ASOCIADOS./@-33.3007299,-66.3694526,14z/data=!4m10!1m2!2m1!1sAbogado+en+san+luis!3m6!1s0x95d43bfe17fb5085:0x15bce0bd08e896e6!8m2!3d-33.3103655!4d-66.3398695!15sChNBYm9nYWRvIGVuIHNhbiBsdWlzWhUiE2Fib2dhZG8gZW4gc2FuIGx1aXOSAQZsYXd5ZXLgAQA!16s%2Fg%2F1hc8wwdnt?entry=ttu",Abogado,san luis
Bufete de Abogados Ponce Bertomeu,,,,2664682853,"https://www.google.com/maps/place/Bufete+de+Abogados+Ponce+Bertomeu/@-33.3103655,-66.3759184,14z/data=!4m10!1m2!2m1!1sAbogado+en+san+luis!3m6!1s0x95d439bdd6cc3b85:0x27d8a963b15e6bb8!8m2!3d-33.3053941!4d-66.3408234!15sChNBYm9nYWRvIGVuIHNhbiBsdWlzkgETZW1wbG95bWVudF9hdHRvcm5leeABAA!16s%2Fg%2F11h0n7ptzp?entry=ttu",Abogado,san luis
Escribanía Miranda  Abogados,,5.0,3,2664402177,"https://www.google.com/maps/place/Escriban%C3%ADa+Miranda+%26+Abogados/@-33.3103655,-66.3759184,14z/data=!4m10!1m2!2m1!1sAbogado+en+san+luis!3m6!1s0x95d43eab60de3b07:0x85375aea6766355b!8m2!3d-33.2995129!4d-66.3302674!15sChNBYm9nYWRvIGVuIHNhbiBsdWlzWhUiE2Fib2dhZG8gZW4gc2FuIGx1aXOSAQ1ub3RhcnlfcHVibGlj4AEA!16s%2Fg%2F11gzn1417?entry=ttu",Abogado,san luis
Estudio Juridico Frias  Asoc.,,4.7,6,2664338333,"https://www.google.com/maps/place/Estudio+Juridico+Frias+%26+Asoc./@-33.2995129,-66.3663163,14z/data=!4m10!1m2!2m1!1sAbogado+en+san+luis!3m6!1s0x95d43c002713fb9b:0x5364890f94cc413d!8m2!3d-33.3046132!4d-66.3300313!15sChNBYm9nYWRvIGVuIHNhbiBsdWlzkgEIbGF3X2Zpcm3gAQA!16s%2Fg%2F11f3rzgstt?entry=ttu",Abogado,san luis
Acevedo Carlos Alberto,,4.5,2,,"https://www.google.com/maps/place/Acevedo+Carlos+Alberto/@-33.2995129,-66.3663163,14z/data=!4m10!1m2!2m1!1sAbogado+en+san+luis!3m6!1s0x95d4395688f72de3:0x9acbc6032733a674!8m2!3d-33.303394!4d-66.3386667!15sChNBYm9nYWRvIGVuIHNhbiBsdWlzkgEGbGF3eWVy4AEA!16s%2Fg%2F1vxcxm0v?entry=ttu",Abogado,san luis
Bufete de Abogados Ponce Bertomeu,,,,26644682853,"https://www.google.com/maps/place/Bufete+de+Abogados+Ponce+Bertomeu/@-33.303394,-66.3747156,14z/data=!4m10!1m2!2m1!1sAbogado+en+san+luis!3m6!1s0x95d43bffc07836c7:0x6baec3c3d44399e7!8m2!3d-33.3066011!4d-66.3335319!15sChNBYm9nYWRvIGVuIHNhbiBsdWlzkgETZW1wbG95bWVudF9hdHRvcm5leeABAA!16s%2Fg%2F11ggz6t363?entry=ttu",Abogado,san luis
Lisandro Bogut Salcedo,,,,111532565536,"https://www.google.com/maps/place/Lisandro+Bogut+Salcedo/@-33.303394,-66.3747156,14z/data=!4m10!1m2!2m1!1sAbogado+en+san+luis!3m6!1s0x95d4395a987358a7:0x7e8c41907af35751!8m2!3d-33.2976569!4d-66.3096657!15sChNBYm9nYWRvIGVuIHNhbiBsdWlzkgEGbGF3eWVy4AEA!16s%2Fg%2F11g01rs49l?entry=ttu",Abogado,san luis
Estudio Juridico Pereira DAngelo Rodriguez,,,,2664455830,"https://www.google.com/maps/place/Estudio+Juridico+Pereira+D'Angelo+Rodriguez/@-33.2976569,-66.3457146,14z/data=!4m10!1m2!2m1!1sAbogado+en+san+luis!3m6!1s0x95d439543c06519d:0xd9fba936ef1e8923!8m2!3d-33.3017538!4d-66.3378407!15sChNBYm9nYWRvIGVuIHNhbiBsdWlzkgEGbGF3eWVy4AEA!16s%2Fg%2F11bbrlm65q?entry=ttu",Abogado,san luis
ESTUDIO JURIDICO DI GENNARO  ASOCIADOS,,,,2664654637,"https://www.google.com/maps/place/ESTUDIO+JURIDICO+DI+GENNARO+%26+ASOCIADOS/@-33.3017538,-66.3738896,14z/data=!4m10!1m2!2m1!1sAbogado+en+san+luis!3m6!1s0x95d43bd305ed8755:0xe918c08fc29b6c3f!8m2!3d-33.3083851!4d-66.3330886!15sChNBYm9nYWRvIGVuIHNhbiBsdWlzkgEIbGF3X2Zpcm3gAQA!16s%2Fg%2F11t7j04l26?entry=ttu",Abogado,san luis
PSM Estudio Jurídico  Contable,,,,2664034971,"https://www.google.com/maps/place/PSM+Estudio+Jur%C3%ADdico+%26+Contable/@-33.3017538,-66.3738896,14z/data=!4m10!1m2!2m1!1sAbogado+en+san+luis!3m6!1s0x95d439af1f57231b:0x2d8f9deb2807be05!8m2!3d-33.3055321!4d-66.3431244!15sChNBYm9nYWRvIGVuIHNhbiBsdWlzkgEJYmFycmlzdGVy4AEA!16s%2Fg%2F11fmrqhf22?entry=ttu",Abogado,san luis
ESTUDIO JURIDICO GATICA Y ASOCIADOS,estudio-gatica.com.ar,,,2664870760,"https://www.google.com/maps/place/ESTUDIO+JURIDICO+GATICA+Y+ASOCIADOS/@-33.3017538,-66.3738896,14z/data=!4m10!1m2!2m1!1sAbogado+en+san+luis!3m6!1s0x95d43b61121d5f05:0xca82341a5288e7cc!8m2!3d-33.2976569!4d-66.3096657!15sChNBYm9nYWRvIGVuIHNhbiBsdWlzWhUiE2Fib2dhZG8gZW4gc2FuIGx1aXOSARlnZW5lcmFsX3ByYWN0aWNlX2F0dG9ybmV54AEA!16s%2Fg%2F11v015p2l0?entry=ttu",Abogado,san luis
Estudio del Dr Nieto y la Dra Silvestre,,4.0,1,,"https://www.google.com/maps/place/Estudio+del+Dr+Nieto+y+la+Dra+Silvestre/@-33.2976569,-66.3457146,14z/data=!4m10!1m2!2m1!1sAbogado+en+san+luis!3m6!1s0x95d43bff98b8797b:0xb81ddf1321cb6a2f!8m2!3d-33.3074214!4d-66.333448!15sChNBYm9nYWRvIGVuIHNhbiBsdWlzkgEGbGF3eWVy4AEA!16s%2Fg%2F1tcvqgg7?entry=ttu",Abogado,san luis
Estudio juridico dra. Martinuk,,,,2664403004,"https://www.google.com/maps/place/Estudio+juridico+dra.+Martinuk/@-33.3074214,-66.3694969,14z/data=!4m10!1m2!2m1!1sAbogado+en+san+luis!3m6!1s0x95d43ba226689d59:0xbd8c495076cc90e0!8m2!3d-33.3099825!4d-66.3340872!15sChNBYm9nYWRvIGVuIHNhbiBsdWlzkgEGbGF3eWVy4AEA!16s%2Fg%2F11tw_09t5f?entry=ttu",Abogado,san luis
Federico Farias  Asoc. Estudio Jurídico,,5.0,3,2664853343,"https://www.google.com/maps/place/Federico+Farias+%26+Asoc.+Estudio+Jur%C3%ADdico/@-33.3074214,-66.3694969,14z/data=!4m10!1m2!2m1!1sAbogado+en+san+luis!3m6!1s0x95d43b9838ac4cc7:0x7a5bbb22835f7668!8m2!3d-33.3078577!4d-66.3337159!15sChNBYm9nYWRvIGVuIHNhbiBsdWlzkgEObGVnYWxfc2VydmljZXPgAQA!16s%2Fg%2F11q3kxlm73?entry=ttu",Abogado,san luis
Estudio Juridico VignaleAsoc,,5.0,1,2665250751,"https://www.google.com/maps/place/Estudio+Juridico+Vignale%26Asoc/@-33.3074214,-66.3694969,14z/data=!4m10!1m2!2m1!1sAbogado+en+san+luis!3m6!1s0x95d4397cbba9a17d:0x45da05bc6fb85d79!8m2!3d-33.2945741!4d-66.3359324!15sChNBYm9nYWRvIGVuIHNhbiBsdWlzkgEZZ2VuZXJhbF9wcmFjdGljZV9hdHRvcm5leeABAA!16s%2Fg%2F11rzxlhhp2?entry=ttu",Abogado,san luis
Estudio Cerioni Valsecchi - Contadores Abogados,ceval.com.ar,,,2664713526,"https://www.google.com/maps/place/Estudio+Cerioni+Valsecchi+-+Contadores+Abogados/@-33.3074214,-66.3694969,14z/data=!4m10!1m2!2m1!1sAbogado+en+san+luis!3m6!1s0x95d43bf8e81af84b:0x954bf0142549d127!8m2!3d-33.3082064!4d-66.3360941!15sChNBYm9nYWRvIGVuIHNhbiBsdWlzWhUiE2Fib2dhZG8gZW4gc2FuIGx1aXOSAQZsYXd5ZXLgAQA!16s%2Fg%2F11j97xgwr2?entry=ttu",Abogado,san luis
Laborda Ibarra y Asociados - Escribanos y Abogados,,,,2664441619,"https://www.google.com/maps/place/Laborda+Ibarra+y+Asociados+-+Escribanos+y+Abogados/@-33.3074214,-66.3694969,14z/data=!4m10!1m2!2m1!1sAbogado+en+san+luis!3m6!1s0x95d43bb60e433c51:0x164bf4d78555d522!8m2!3d-33.3055843!4d-66.3348135!15sChNBYm9nYWRvIGVuIHNhbiBsdWlzkgENbm90YXJ5X3B1YmxpY-ABAA!16s%2Fg%2F11t9c_pdvf?entry=ttu",Abogado,san luis
Estudio Juridico Laboral,,,,2664410621,"https://www.google.com/maps/place/Estudio+Juridico+Laboral/@-33.3074214,-66.3694969,14z/data=!4m10!1m2!2m1!1sAbogado+en+san+luis!3m6!1s0x95d43f2eb248898d:0xeaba620cda14f5eb!8m2!3d-33.2985576!4d-66.3163738!15sChNBYm9nYWRvIGVuIHNhbiBsdWlzkgEYbGFib3JfcmVsYXRpb25zX2F0dG9ybmV54AEA!16s%2Fg%2F11y2jr7d6x?entry=ttu",Abogado,san luis
Estudio Jurídico Ochoa Abogados,,,,,"https://www.google.com/maps/place/Estudio+Jur%C3%ADdico+Ochoa+Abogados/@-33.2985576,-66.3524227,14z/data=!4m10!1m2!2m1!1sAbogado+en+san+luis!3m6!1s0x95d43d11915e0b81:0x88af9917757e9067!8m2!3d-33.3051346!4d-66.3147987!15sChNBYm9nYWRvIGVuIHNhbiBsdWlzkgEObGVnYWxfc2VydmljZXPgAQA!16s%2Fg%2F11tt6r8g09?entry=ttu",Abogado,san luis
Estudio Juridico Mi. Ra.,,,,,"https://www.google.com/maps/place/Estudio+Juridico+Mi.+Ra./@-33.3051059,-66.3508545,14z/data=!4m10!1m2!2m1!1sAbogado+en+san+luis!3m6!1s0x95d4395ac1ca53b7:0xd70a3f0c201e52c3!8m2!3d-33.2981177!4d-66.3455864!15sChNBYm9nYWRvIGVuIHNhbiBsdWlzkgEGbGF3eWVy4AEA!16s%2Fg%2F1tf6ndbm?entry=ttu",Abogado,san luis
Estudio Jurídico Pipitone,,5.0,1,2664209996,"https://www.google.com/maps/place/Estudio+Jur%C3%ADdico+Pipitone/@-33.2981177,-66.3816353,14z/data=!4m10!1m2!2m1!1sAbogado+en+san+luis!3m6!1s0x95d43bd37599f9f7:0x1b10b4c902f18c48!8m2!3d-33.3078331!4d-66.3407348!15sChNBYm9nYWRvIGVuIHNhbiBsdWlzkgEGbGF3eWVy4AEA!16s%2Fg%2F11gnn8vfmc?entry=ttu",Abogado,san luis
Victor Nicanor Liceda - Abogado,,,,2664423960,"https://www.google.com/maps/place/Victor+Nicanor+Liceda+-+Abogado/@-33.2981177,-66.3816353,14z/data=!4m10!1m2!2m1!1sAbogado+en+san+luis!3m6!1s0x95d43bffacf4ebe7:0x9951b4338899c1!8m2!3d-33.3076689!4d-66.3346529!15sChNBYm9nYWRvIGVuIHNhbiBsdWlzkgEGbGF3eWVy4AEA!16s%2Fg%2F11bbrkcqqh?entry=ttu",Abogado,san luis
Estudio Jurídico Valeria Manissero,,4.7,3,2664313037,"https://www.google.com/maps/place/Estudio+Jur%C3%ADdico+Valeria+Manissero/@-33.3076689,-66.3707018,14z/data=!4m10!1m2!2m1!1sAbogado+en+san+luis!3m6!1s0x95d4392449f107fd:0x9946b01c0a6b409f!8m2!3d-33.2722046!4d-66.347206!15sChNBYm9nYWRvIGVuIHNhbiBsdWlzkgEGbGF3eWVy4AEA!16s%2Fg%2F11hcdw5436?entry=ttu",Abogado,san luis
Estudio Juridico Ibañez y Asoc.,,4.1,8,,"https://www.google.com/maps/place/Estudio+Juridico+%22Iba%C3%B1ez+y+Asoc.%22/@-33.2722046,-66.3832549,14z/data=!4m10!1m2!2m1!1sAbogado+en+san+luis!3m6!1s0x95d43950bbf1e6f3:0xf5b3d4124f2362a2!8m2!3d-33.3009296!4d-66.342875!15sChNBYm9nYWRvIGVuIHNhbiBsdWlzkgEIbGF3X2Zpcm3gAQA!16s%2Fg%2F11g8wns09g?entry=ttu",Abogado,san luis
Estudio Juridico Dr Juan Cruz Dominguez,,5.0,2,2664374417,"https://www.google.com/maps/place/Estudio+Juridico+Dr+Juan+Cruz+Dominguez/@-33.2722046,-66.3832549,14z/data=!4m10!1m2!2m1!1sAbogado+en+san+luis!3m6!1s0x95d43bfe1317ac2b:0x5270d2949639880!8m2!3d-33.3072252!4d-66.3375082!15sChNBYm9nYWRvIGVuIHNhbiBsdWlzkgEGbGF3eWVy4AEA!16s%2Fg%2F1tjhyvt9?entry=ttu",Abogado,san luis
Estudio Jurídico Muñoz Olivera Aguirre,,,,2664989777,"https://www.google.com/maps/place/Estudio+Jur%C3%ADdico+Mu%C3%B1oz+Olivera+Aguirre/@-33.3072208,-66.3735583,14z/data=!4m10!1m2!2m1!1sAbogado+en+san+luis!3m6!1s0x95d43fbcffc00b15:0x979a1554803c5b70!8m2!3d-33.2983361!4d-66.3237383!15sChNBYm9nYWRvIGVuIHNhbiBsdWlzkgEIbGF3X2Zpcm3gAQA!16s%2Fg%2F11ffm1_sbg?entry=ttu",Abogado,san luis
Frias  Asociados,,,,,"https://www.google.com/maps/place/Frias+%26+Asociados/@-33.2983361,-66.3597872,14z/data=!4m10!1m2!2m1!1sAbogado+en+san+luis!3m6!1s0x95d43965257e1c7d:0xf595e14a00fbd026!8m2!3d-33.2975061!4d-66.3382307!15sChNBYm9nYWRvIGVuIHNhbiBsdWlzkgEGbGF3eWVy4AEA!16s%2Fg%2F11kqhc13rx?entry=ttu",Abogado,san luis
Estudio Abdala y Asociados,,,,2664836626,"https://www.google.com/maps/place/Estudio+Abdala+y+Asociados/@-33.2975228,-66.3739874,14z/data=!4m10!1m2!2m1!1sAbogado+en+san+luis!3m6!1s0x95d439b0a868f717:0x208446011dc60941!8m2!3d-33.3049303!4d-66.3353165!15sChNBYm9nYWRvIGVuIHNhbiBsdWlzkgEGbGF3eWVy4AEA!16s%2Fg%2F11krm0hd9l?entry=ttu",Abogado,san luis
Urtubey Delia del Carmen,,5.0,1,,"https://www.google.com/maps/place/Urtubey+Delia+del+Carmen/@-33.3049303,-66.3713654,14z/data=!4m10!1m2!2m1!1sAbogado+en+san+luis!3m6!1s0x95d43bffb595a7f7:0xfd3e43f81b7f2c98!8m2!3d-33.3067039!4d-66.3346565!15sChNBYm9nYWRvIGVuIHNhbiBsdWlzkgEGbGF3eWVy4AEA!16s%2Fg%2F1tzvxrz1?entry=ttu",Abogado,san luis
Cangiano Hector A,,4.5,2,,"https://www.google.com/maps/place/Cangiano+Hector+A/@-33.3049303,-66.3713654,14z/data=!4m10!1m2!2m1!1sAbogado+en+san+luis!3m6!1s0x95d43950586b7d71:0xac189f06dfa2b7c5!8m2!3d-33.2987935!4d-66.3418235!15sChNBYm9nYWRvIGVuIHNhbiBsdWlzkgEGbGF3eWVy4AEA!16s%2Fg%2F1tff_pyh?entry=ttu",Abogado,san luis
Sergio Alejandro Torres,,5.0,4,266154312148,"https://www.google.com/maps/place/Sergio+Alejandro+Torres/@-33.2987935,-66.3778724,14z/data=!4m10!1m2!2m1!1sAbogado+en+san+luis!3m6!1s0x95d43b78058a720d:0x9173d31ebadfb0b!8m2!3d-33.309598!4d-66.3370618!15sChNBYm9nYWRvIGVuIHNhbiBsdWlzkgEIbGF3X2Zpcm3gAQA!16s%2Fg%2F11gv03fswz?entry=ttu",Abogado,san luis
Estudio Maldonado Paone  Asociados,,4.7,6,2664543718,"https://www.google.com/maps/place/Estudio+Maldonado+Paone+%26+Asociados/@-33.2987935,-66.3778724,14z/data=!4m10!1m2!2m1!1sAbogado+en+san+luis!3m6!1s0x95d4394d88bb5ac7:0x9760af35e4f506a1!8m2!3d-33.2948623!4d-66.3357039!15sChNBYm9nYWRvIGVuIHNhbiBsdWlzkgEObGVnYWxfc2VydmljZXPgAQA!16s%2Fg%2F11cjkdpkyh?entry=ttu",Abogado,san luis
Estudio Jurídico Pérez del Viso  Costanzo,,4.7,66,2664576817,"https://www.google.com/maps/place/Estudio+Jur%C3%ADdico+P%C3%A9rez+del+Viso+%26+Costanzo/@-33.2987935,-66.3778724,14z/data=!4m10!1m2!2m1!1sAbogado+en+san+luis!3m6!1s0x95d43c01e1cd2619:0x7efe01cd182e24f9!8m2!3d-33.3040275!4d-66.3277173!15sChNBYm9nYWRvIGVuIHNhbiBsdWlzkgEGbGF3eWVy4AEA!16s%2Fg%2F1hc2jyl1x?entry=ttu",Abogado,san luis
Domeniconi Roberto O,,5.0,2,,"https://www.google.com/maps/place/Domeniconi+Roberto+O/@-33.2987935,-66.3778724,14z/data=!4m10!1m2!2m1!1sAbogado+en+san+luis!3m6!1s0x95d4394faa75f1c1:0xa111a191fffa96ab!8m2!3d-33.293601!4d-66.340951!15sChNBYm9nYWRvIGVuIHNhbiBsdWlzkgEGbGF3eWVy4AEA!16s%2Fg%2F1vc6fljd?entry=ttu",Abogado,san luis
Estudio Jurídico SM,,2.6,5,,"https://www.google.com/maps/place/Estudio+Jur%C3%ADdico+S%26M/@-33.2987935,-66.3778724,14z/data=!4m10!1m2!2m1!1sAbogado+en+san+luis!3m6!1s0x95d4394e3c38130b:0x797b7f86da86018a!8m2!3d-33.2949305!4d-66.3396017!15sChNBYm9nYWRvIGVuIHNhbiBsdWlzkgEGbGF3eWVy4AEA!16s%2Fg%2F11fz23xzyz?entry=ttu",Abogado,san luis
Estudio Jurídico Amaya Marcos Alejandro,,4.0,4,266154669779,"https://www.google.com/maps/place/Estudio+Jur%C3%ADdico+Amaya+Marcos+Alejandro/@-33.2987935,-66.3778724,14z/data=!4m10!1m2!2m1!1sAbogado+en+san+luis!3m6!1s0x95d4395b06fb4c9b:0x48d7227b6d887a3a!8m2!3d-33.2941899!4d-66.3202785!15sChNBYm9nYWRvIGVuIHNhbiBsdWlzkgEIbGF3X2Zpcm3gAQA!16s%2Fg%2F11f3s4k2_c?entry=ttu",Abogado,san luis
Garro Alfredo,,4.0,2,2664733361,"https://www.google.com/maps/place/Garro+Alfredo/@-33.2941899,-66.3563274,14z/data=!4m10!1m2!2m1!1sAbogado+en+san+luis!3m6!1s0x95d43bff899729fd:0x72a1b2231dc3d2a6!8m2!3d-33.3065254!4d-66.3321965!15sChNBYm9nYWRvIGVuIHNhbiBsdWlzkgEGbGF3eWVy4AEA!16s%2Fg%2F1vfwf184?entry=ttu",Abogado,san luis
Estudio Jurídico Bustos Alcaraz,,,,2664835865,"https://www.google.com/maps/place/Estudio+Jur%C3%ADdico+Bustos+Alcaraz/@-33.2941899,-66.3563274,14z/data=!4m10!1m2!2m1!1sAbogado+en+san+luis!3m6!1s0x95d4391ed15fccab:0x64586df9abe3b4e!8m2!3d-33.3075791!4d-66.339877!15sChNBYm9nYWRvIGVuIHNhbiBsdWlzkgEJYmFycmlzdGVy4AEA!16s%2Fg%2F11t3zk9mmp?entry=ttu",Abogado,san luis
Salinas  Asociados,,,,,"https://www.google.com/maps/place/Salinas+%26+Asociados/@-33.3075791,-66.3759259,14z/data=!4m10!1m2!2m1!1sAbogado+en+san+luis!3m6!1s0x95d43b0014a3b689:0xdf861688bc09f648!8m2!3d-33.3075343!4d-66.3334615!15sChNBYm9nYWRvIGVuIHNhbiBsdWlzkgESY2l2aWxfbGF3X2F0dG9ybmV54AEA!16s%2Fg%2F11lczk70j1?entry=ttu",Abogado,san luis
ESTUDIO JURIDICO HERNAN GAROGLIO,,,,266154362914,"https://www.google.com/maps/place/ESTUDIO+JURIDICO+HERNAN+GAROGLIO/@-33.3075791,-66.3759259,14z/data=!4m10!1m2!2m1!1sAbogado+en+san+luis!3m6!1s0x95d439580cc7d61f:0x631178ddeebb451d!8m2!3d-33.3062557!4d-66.3349778!15sChNBYm9nYWRvIGVuIHNhbiBsdWlzkgEIbGF3X2Zpcm3gAQA!16s%2Fg%2F11f9ytt9jx?entry=ttu",Abogado,san luis
Samper Estudio Juridico,,5.0,2,,"https://www.google.com/maps/place/Samper+Estudio+Juridico/@-33.3075791,-66.3759259,14z/data=!4m10!1m2!2m1!1sAbogado+en+san+luis!3m6!1s0x95d43bfdd5e80115:0xa069f0921dc6e491!8m2!3d-33.3079658!4d-66.3390329!15sChNBYm9nYWRvIGVuIHNhbiBsdWlzkgEGbGF3eWVy4AEA!16s%2Fg%2F1tfpqwts?entry=ttu",Abogado,san luis
Abogados,,,,2664424943,"https://www.google.com/maps/place/Abogados/@-33.3075791,-66.3759259,14z/data=!4m10!1m2!2m1!1sAbogado+en+san+luis!3m6!1s0x95d43950fb6bd25b:0xccf866ccd11f7fc3!8m2!3d-33.2993559!4d-66.3413168!15sChNBYm9nYWRvIGVuIHNhbiBsdWlzkgEGbGF3eWVy4AEA!16s%2Fg%2F11h0_zvc6?entry=ttu",Abogado,san luis
Asesoria Amieva R.F.A,,,,2665108755,"https://www.google.com/maps/place/Asesoria+Amieva+R.F.A/@-33.3075791,-66.3759259,14z/data=!4m10!1m2!2m1!1sAbogado+en+san+luis!3m6!1s0x95d439abef9dbddf:0xbbdd2a76ac1ad298!8m2!3d-33.2893076!4d-66.3441517!15sChNBYm9nYWRvIGVuIHNhbiBsdWlzkgEGbGF3eWVy4AEA!16s%2Fg%2F11sz3l42gh?entry=ttu",Abogado,san luis
Bravo Pedetti Carlos M,,,,,"https://www.google.com/maps/place/Bravo+Pedetti+Carlos+M/@-33.3075791,-66.3759259,14z/data=!4m10!1m2!2m1!1sAbogado+en+san+luis!3m6!1s0x95d43bfe1d46af81:0x66b6fde77c37f168!8m2!3d-33.3058615!4d-66.3370602!15sChNBYm9nYWRvIGVuIHNhbiBsdWlzkgEGbGF3eWVy4AEA!16s%2Fg%2F1tfd856r?entry=ttu",Abogado,san luis
Estudio Juridico Carbonell Daniela,,5.0,1,2665276471,"https://www.google.com/maps/place/Estudio+Juridico+Carbonell+Daniela/@-33.3075791,-66.3759259,14z/data=!4m10!1m2!2m1!1sAbogado+en+san+luis!3m6!1s0x95d43bdea833b845:0xc6428d9c8fc32424!8m2!3d-33.3092086!4d-66.3447108!15sChNBYm9nYWRvIGVuIHNhbiBsdWlzkgEObGVnYWxfc2VydmljZXPgAQA!16s%2Fg%2F11p0zqcfq8?entry=ttu",Abogado,san luis
Estudio Juridico Panelo Mitre,,5.0,2,2664420243,"https://www.google.com/maps/place/Estudio+Juridico+Panelo+Mitre/@-33.3075791,-66.3759259,14z/data=!4m10!1m2!2m1!1sAbogado+en+san+luis!3m6!1s0x95d43956fa346a33:0x7f12e531493ec0d5!8m2!3d-33.3035329!4d-66.3403803!15sChNBYm9nYWRvIGVuIHNhbiBsdWlzkgEGbGF3eWVy4AEA!16s%2Fg%2F11bbrnpnt7?entry=ttu",Abogado,san luis
"CACACE, ESTRADA  ASOC. - ABOGADOS",business.site,,,2664424629,"https://www.google.com/maps/place/CACACE,+ESTRADA+%26+ASOC.+-+ABOGADOS/@-33.3075791,-66.3759259,14z/data=!4m10!1m2!2m1!1sAbogado+en+san+luis!3m6!1s0x95d439568ca93195:0x4c306bbc8b48f55e!8m2!3d-33.2998445!4d-66.3382257!15sChNBYm9nYWRvIGVuIHNhbiBsdWlzkgEGbGF3eWVy4AEA!16s%2Fg%2F11h01hm62p?entry=ttu",Abogado,san luis
ESTUDIO JURIDICO CHIA  ASOCIADOS,,5.0,2,266154315790,"https://www.google.com/maps/place/ESTUDIO+JURIDICO+CHIA+%26+ASOCIADOS/@-33.3075791,-66.3759259,14z/data=!4m10!1m2!2m1!1sAbogado+en+san+luis!3m6!1s0x95d439dc2f3bba2d:0x87bb229a6fce2eef!8m2!3d-33.3063842!4d-66.3361931!15sChNBYm9nYWRvIGVuIHNhbiBsdWlzkgEIbGF3X2Zpcm3gAQA!16s%2Fg%2F11gmwbf9rc?entry=ttu",Abogado,san luis
Estudio Cacace - Dres M Laura- Diego Cacace y Carolina Scatena,,,,,"https://www.google.com/maps/place/Estudio+Cacace+-+Dres+M+Laura-+Diego+Cacace+y+Carolina+Scatena/@-33.3075791,-66.3759259,14z/data=!4m10!1m2!2m1!1sAbogado+en+san+luis!3m6!1s0x95d43955399a5b25:0xec9abb93e40b8d29!8m2!3d-33.3033973!4d-66.332772!15sChNBYm9nYWRvIGVuIHNhbiBsdWlzkgEGbGF3eWVy4AEA!16s%2Fg%2F1vfzgbwc?entry=ttu",Abogado,san luis
Estudio Sur Despacho de Abogados,,5.0,1,2664791997,"https://www.google.com/maps/place/Estudio+Sur+Despacho+de+Abogados/@-33.3075791,-66.3759259,14z/data=!4m10!1m2!2m1!1sAbogado+en+san+luis!3m6!1s0x95d439d95667c5f5:0xcd7e15e3d6322546!8m2!3d-33.3022348!4d-66.3406425!15sChNBYm9nYWRvIGVuIHNhbiBsdWlzkgEKY29uc3VsdGFudOABAA!16s%2Fg%2F11l5vlgm_t?entry=ttu",Abogado,san luis
Estudio Juridico - Alejandro Ghibaudo,,4.8,8,2665104797,"https://www.google.com/maps/place/Estudio+Juridico+-+Alejandro+Ghibaudo/@-33.3075791,-66.3759259,14z/data=!4m10!1m2!2m1!1sAbogado+en+san+luis!3m6!1s0x95d43bffa0c1bbd9:0xc2346c503a424416!8m2!3d-33.3078475!4d-66.3336978!15sChNBYm9nYWRvIGVuIHNhbiBsdWlzkgEGbGF3eWVy4AEA!16s%2Fg%2F1hc4q1hbz?entry=ttu",Abogado,san luis
Estudio Jurídico - Calderón Salomón  Putelli,,5.0,1,2664324806,"https://www.google.com/maps/place/Estudio+Jur%C3%ADdico+-+Calder%C3%B3n+Salom%C3%B3n+%26+Putelli/@-33.3075791,-66.3759259,14z/data=!4m10!1m2!2m1!1sAbogado+en+san+luis!3m6!1s0x95d43bf6c30008ad:0x442d0335f05165f4!8m2!3d-33.3070105!4d-66.3365821!15sChNBYm9nYWRvIGVuIHNhbiBsdWlzkgEIbGF3X2Zpcm3gAQA!16s%2Fg%2F11jygk6pv7?entry=ttu",Abogado,san luis
FOTO ESTUDIO HEREDIA,,,,2664500227,"https://www.google.com/maps/place/FOTO+ESTUDIO+%22HEREDIA%22/@-33.3075791,-66.3759259,14z/data=!4m10!1m2!2m1!1sAbogado+en+san+luis!3m6!1s0x95d43950fbb9016d:0x1435fdc10f1f42cf!8m2!3d-33.2992692!4d-66.3413506!15sChNBYm9nYWRvIGVuIHNhbiBsdWlzkgEGbGF3eWVy4AEA!16s%2Fg%2F11hblr6md_?entry=ttu",Abogado,san luis
ESTUDIO JURIDICO GOMEZ  ECHEVARRIA,,,,2657303018,"https://www.google.com/maps/place/ESTUDIO+JURIDICO+GOMEZ+%26+ECHEVARRIA/@-33.3075791,-66.3759259,14z/data=!4m10!1m2!2m1!1sAbogado+en+san+luis!3m6!1s0x95d43f0d1b7979d9:0x6e9fec5e76b14d3e!8m2!3d-33.297028!4d-66.3271248!15sChNBYm9nYWRvIGVuIHNhbiBsdWlzkgEGbGF3eWVy4AEA!16s%2Fg%2F11vbssxb7m?entry=ttu",Abogado,san luis
Estudio Jurídico Dr. Miguel Angel Adaro,,5.0,7,2664847205,"https://www.google.com/maps/place/Estudio+Jur%C3%ADdico+Dr.+Miguel+Angel+Adaro/@-33.297028,-66.3631737,14z/data=!4m10!1m2!2m1!1sAbogado+en+san+luis!3m6!1s0x95d43b2e11d563ff:0x17b2df8c2ab06b3!8m2!3d-33.3107275!4d-66.3359639!15sChNBYm9nYWRvIGVuIHNhbiBsdWlzkgEIbGF3X2Zpcm3gAQA!16s%2Fg%2F11pphczfmw?entry=ttu",Abogado,san luis
Estudio Juridico Martinez Chavez Luis,,5.0,3,2664482196,"https://www.google.com/maps/place/Estudio+Juridico+Martinez+Chavez+Luis/@-33.297028,-66.3631737,14z/data=!4m10!1m2!2m1!1sAbogado+en+san+luis!3m6!1s0x95d43eafd93b81dd:0xc4e0726f418c9cd6!8m2!3d-33.2927666!4d-66.3220032!15sChNBYm9nYWRvIGVuIHNhbiBsdWlzkgEGbGF3eWVy4AEA!16s%2Fg%2F11f0_cmywp?entry=ttu",Abogado,san luis
Estudio Juridico Cristofaro Vacca,,,,2664423099,"https://www.google.com/maps/place/Estudio+Juridico+Cristofaro+Vacca/@-33.297028,-66.3631737,14z/data=!4m10!1m2!2m1!1sAbogado+en+san+luis!3m6!1s0x95d43ead5a2677b3:0x2c995941e50a9602!8m2!3d-33.2944512!4d-66.3312195!15sChNBYm9nYWRvIGVuIHNhbiBsdWlzkgEGbGF3eWVy4AEA!16s%2Fg%2F1hhk5q72v?entry=ttu",Abogado,san luis
MADAF - Estudio Juridico,,5.0,1,2664000300,"https://www.google.com/maps/place/MADAF+-+Estudio+Juridico/@-33.297028,-66.3631737,14z/data=!4m10!1m2!2m1!1sAbogado+en+san+luis!3m6!1s0x95d4390ae2e661c9:0x8b3c84ecb5ae2b9a!8m2!3d-33.2999597!4d-66.3353716!15sChNBYm9nYWRvIGVuIHNhbiBsdWlzkgEObGVnYWxfc2VydmljZXPgAQA!16s%2Fg%2F11sn0ddzlj?entry=ttu",Abogado,san luis
ESTUDIO JURÍDICO MUÑIZ,,4.7,13,266154626438,"https://www.google.com/maps/place/ESTUDIO+JUR%C3%8DDICO+MU%C3%91IZ/@-33.2999597,-66.3714205,14z/data=!4m10!1m2!2m1!1sAbogado+en+san+luis!3m6!1s0x95d43f40ffa107d5:0xdaed2997f3a04634!8m2!3d-33.298269!4d-66.3236596!15sChNBYm9nYWRvIGVuIHNhbiBsdWlzWhUiE2Fib2dhZG8gZW4gc2FuIGx1aXOSARlnZW5lcmFsX3ByYWN0aWNlX2F0dG9ybmV5mgEkQ2hkRFNVaE5NRzluUzBWSlEwRm5TVVJ4TW1VM1QydDNSUkFC4AEA!16s%2Fg%2F11h3fsyg1w?entry=ttu",Abogado,san luis
Estudio Jurídico GG,,5.0,3,2664216610,"https://www.google.com/maps/place/Estudio+Jur%C3%ADdico+G%26G/@-33.298269,-66.3597085,14z/data=!4m10!1m2!2m1!1sAbogado+en+san+luis!3m6!1s0x95d43f0051824a0f:0xbbe35cb05d30560e!8m2!3d-33.2916883!4d-66.3208307!15sChNBYm9nYWRvIGVuIHNhbiBsdWlzkgEIbGF3X2Zpcm3gAQA!16s%2Fg%2F11g4j03s12?entry=ttu",Abogado,san luis
dominguezasoc,,,,2664638624,"https://www.google.com/maps/place/dominguez%26asoc/@-33.298269,-66.3597085,14z/data=!4m10!1m2!2m1!1sAbogado+en+san+luis!3m6!1s0x95d43b1b15629499:0x9315b0a37cd65276!8m2!3d-33.3069319!4d-66.3368168!15sChNBYm9nYWRvIGVuIHNhbiBsdWlzkgEIbGF3X2Zpcm3gAQA!16s%2Fg%2F11p3c77fds?entry=ttu",Abogado,san luis
Estudio Juridico Tarazi y Asoc.,,4.0,9,2664345578,"https://www.google.com/maps/place/Estudio+Juridico+Tarazi+y+Asoc./@-33.3069319,-66.3728657,14z/data=!4m10!1m2!2m1!1sAbogado+en+san+luis!3m6!1s0x95d43f911505a83d:0x9b57a7aecd78cc7!8m2!3d-33.2982002!4d-66.3312962!15sChNBYm9nYWRvIGVuIHNhbiBsdWlzkgETbGF3eWVyc19hc3NvY2lhdGlvbuABAA!16s%2Fg%2F11g0dsfxd9?entry=ttu",Abogado,san luis
Estudio Pinelás  Asociados,,,,,"https://www.google.com/maps/place/Estudio+Pinel%C3%A1s+%26+Asociados/@-33.3069319,-66.3728657,14z/data=!4m10!1m2!2m1!1sAbogado+en+san+luis!3m6!1s0x95d43eab238d231f:0x30039ebb300295cb!8m2!3d-33.3027146!4d-66.3382716!15sChNBYm9nYWRvIGVuIHNhbiBsdWlzkgEKY29uc3VsdGFudOABAA!16s%2Fg%2F11v63zhw04?entry=ttu",Abogado,san luis
Estudio Jurídico Dra. Graciela Ponce  Asoc.,,4.7,13,2664883607,"https://www.google.com/maps/place/Estudio+Jur%C3%ADdico+Dra.+Graciela+Ponce+%26+Asoc./@-33.3069319,-66.3728657,14z/data=!4m10!1m2!2m1!1sAbogado+en+san+luis!3m6!1s0x95d43f8a7f928a43:0xecb2553ce315ddf9!8m2!3d-33.2890519!4d-66.329079!15sChNBYm9nYWRvIGVuIHNhbiBsdWlzWhUiE2Fib2dhZG8gZW4gc2FuIGx1aXOSAQhsYXdfZmlybeABAA!16s%2Fg%2F11n6rswk6h?entry=ttu",Abogado,san luis
Estudio Juridico Garay,,5.0,2,2664343573,"https://www.google.com/maps/place/Estudio+Juridico+Garay/@-33.2890519,-66.3651279,14z/data=!4m10!1m2!2m1!1sAbogado+en+san+luis!3m6!1s0x95d43bdfb360fcff:0x7d2116289476eec0!8m2!3d-33.3108917!4d-66.3460515!15sChNBYm9nYWRvIGVuIHNhbiBsdWlzkgETZmFtaWx5X2xhd19hdHRvcm5leeABAA!16s%2Fg%2F11ny3m505j?entry=ttu",Abogado,san luis
Estudio Juridico Laboral,,3.2,5,,"https://www.google.com/maps/place/Estudio+Juridico+Laboral/@-33.3108917,-66.3821004,14z/data=!4m10!1m2!2m1!1sAbogado+en+san+luis!3m6!1s0x95d439549e7000c1:0x5a3e29ee3f9cb038!8m2!3d-33.3002784!4d-66.3337477!15sChNBYm9nYWRvIGVuIHNhbiBsdWlzkgEYbGFib3JfcmVsYXRpb25zX2F0dG9ybmV54AEA!16s%2Fg%2F11c5b79pn2?entry=ttu",Abogado,san luis
Estudio Juridico Monsalva Palacio y Bustos Zucaro,,5.0,18,2664587343,"https://www.google.com/maps/place/Estudio+Juridico+Monsalva+Palacio+y+Bustos+Zucaro/@-33.3002784,-66.3697966,14z/data=!4m10!1m2!2m1!1sAbogado+en+san+luis!3m6!1s0x95d4397045d5f41b:0x47b5f6207ff30e7e!8m2!3d-33.303596!4d-66.3434788!15sChNBYm9nYWRvIGVuIHNhbiBsdWlzWhUiE2Fib2dhZG8gZW4gc2FuIGx1aXOSAQ5sZWdhbF9zZXJ2aWNlc5oBI0NoWkRTVWhOTUc5blMwVkpRMEZuU1VOc01rcGxla0puRUFF4AEA!16s%2Fg%2F11gj44glpr?entry=ttu",Abogado,san luis
Estudio Maldonado  Asoc,,,,2664437616,"https://www.google.com/maps/place/Estudio+Maldonado+%26+Asoc/@-33.3002784,-66.3697966,14z/data=!4m10!1m2!2m1!1sAbogado+en+san+luis!3m6!1s0x95d4394e3d6254cd:0x60e2476440fe851e!8m2!3d-33.2948797!4d-66.3394024!15sChNBYm9nYWRvIGVuIHNhbiBsdWlzkgEIbGF3X2Zpcm3gAQA!16s%2Fg%2F11gbyztcg_?entry=ttu",Abogado,san luis
Estudio Juridico Castillo  Asociados,,4.5,2,2664483819,"https://www.google.com/maps/place/Estudio+Juridico+Castillo+%26+Asociados/@-33.3002784,-66.3697966,14z/data=!4m10!1m2!2m1!1sAbogado+en+san+luis!3m6!1s0x95d43953f27c10b5:0x8806cc6e8cc6aa39!8m2!3d-33.2999533!4d-66.3416191!15sChNBYm9nYWRvIGVuIHNhbiBsdWlzkgEQY29ycG9yYXRlX29mZmljZeABAA!16s%2Fg%2F11c2nvxf1h?entry=ttu",Abogado,san luis
Estudio jco  Gestoria del Automotor,,,,2664193319,"https://www.google.com/maps/place/Estudio+jco+%26+Gestoria+del+Automotor/@-33.2999533,-66.377668,14z/data=!4m10!1m2!2m1!1sAbogado+en+san+luis!3m6!1s0x95d43fce906d5efb:0xdea25fed4b7d1e82!8m2!3d-33.2826589!4d-66.3245711!15sChNBYm9nYWRvIGVuIHNhbiBsdWlzkgEGbGF3eWVy4AEA!16s%2Fg%2F11vrsl42th?entry=ttu",Abogado,san luis
Pagano  asociados abogados,,,,2664425277,"https://www.google.com/maps/place/Pagano+%26+asociados+abogados/@-33.2826589,-66.36062,14z/data=!4m10!1m2!2m1!1sAbogado+en+san+luis!3m6!1s0x95d439473e72815f:0x830d288d9a96099e!8m2!3d-33.3003949!4d-66.3392621!15sChNBYm9nYWRvIGVuIHNhbiBsdWlzkgEQY29ycG9yYXRlX29mZmljZeABAA!16s%2Fg%2F11hszhryq2?entry=ttu",Abogado,san luis
Perez Miranda Antonio,,,,2664029267,"https://www.google.com/maps/place/Perez+Miranda+Antonio/@-33.3003949,-66.375311,14z/data=!4m10!1m2!2m1!1sAbogado+en+san+luis!3m6!1s0x95d43955b3141af5:0x1cef2955a0893c11!8m2!3d-33.3031326!4d-66.3358598!15sChNBYm9nYWRvIGVuIHNhbiBsdWlzkgEFc3RvcmXgAQA!16s%2Fg%2F1tj1t8qd?entry=ttu",Abogado,san luis
Agundez Jorge A,,3.0,2,,"https://www.google.com/maps/place/Agundez+Jorge+A/@-33.3003949,-66.375311,14z/data=!4m10!1m2!2m1!1sAbogado+en+san+luis!3m6!1s0x95d43bff00be1421:0x729faaa437d47dff!8m2!3d-33.3081154!4d-66.3345572!15sChNBYm9nYWRvIGVuIHNhbiBsdWlzkgEGbGF3eWVy4AEA!16s%2Fg%2F1tj7xl2m?entry=ttu",Abogado,san luis
Penna Pedro,,,,,"https://www.google.com/maps/place/Penna+Pedro/@-33.3003949,-66.375311,14z/data=!4m10!1m2!2m1!1sAbogado+en+san+luis!3m6!1s0x95d4395526a3e395:0x82627e670f59f829!8m2!3d-33.3027507!4d-66.3330812!15sChNBYm9nYWRvIGVuIHNhbiBsdWlzkgEGbGF3eWVy4AEA!16s%2Fg%2F1tdp6739?entry=ttu",Abogado,san luis
Estudio Jurídico Taurant  Martín,,,,,"https://www.google.com/maps/place/Estudio+Jur%C3%ADdico+Taurant+%26+Mart%C3%ADn/@-33.3003949,-66.375311,14z/data=!4m10!1m2!2m1!1sAbogado+en+san+luis!3m6!1s0x95d439529332bcf7:0x9481270f815b5c90!8m2!3d-33.2959618!4d-66.3337467!15sChNBYm9nYWRvIGVuIHNhbiBsdWlzkgEGbGF3eWVy4AEA!16s%2Fg%2F1hc7bx0m6?entry=ttu",Abogado,san luis
Estudio Juridico Notarial Barbero Borgatello,,,,2664544835,"https://www.google.com/maps/place/Estudio+Juridico+Notarial+Barbero+Borgatello/@-33.3003949,-66.375311,14z/data=!3m1!5s0x95d43bffac2f83c3:0xb498346c5099d795!4m10!1m2!2m1!1sAbogado+en+san+luis!3m6!1s0x95d43b88408095d3:0xc88db2442c7ded96!8m2!3d-33.307666!4d-66.3346505!15sChNBYm9nYWRvIGVuIHNhbiBsdWlzkgEGbGF3eWVy4AEA!16s%2Fg%2F11s1yjff41?entry=ttu",Abogado,san luis
Iannizzotto Nestor,,,,,"https://www.google.com/maps/place/Iannizzotto+Nestor/@-33.3003949,-66.375311,14z/data=!4m10!1m2!2m1!1sAbogado+en+san+luis!3m6!1s0x95d43bffacf49833:0xcbd2bf49b7818849!8m2!3d-33.3076631!4d-66.3346481!15sChNBYm9nYWRvIGVuIHNhbiBsdWlzkgEGbGF3eWVy4AEA!16s%2Fg%2F1vnrm6b4?entry=ttu",Abogado,san luis
De la Mota - Estudio Juridico,,,,,"https://www.google.com/maps/place/De+la+Mota+-+Estudio+Juridico/@-33.3003949,-66.375311,14z/data=!4m10!1m2!2m1!1sAbogado+en+san+luis!3m6!1s0x95d439515696bf81:0xfe67b26008ad2726!8m2!3d-33.3004521!4d-66.33809!15sChNBYm9nYWRvIGVuIHNhbiBsdWlzkgEGbGF3eWVy4AEA!16s%2Fg%2F1tcxfdgr?entry=ttu",Abogado,san luis
Estudio del Dr Ipiña,,,,,"https://www.google.com/maps/place/Estudio+del+Dr+Ipi%C3%B1a/@-33.3003949,-66.375311,14z/data=!4m10!1m2!2m1!1sAbogado+en+san+luis!3m6!1s0x95d43955cff309db:0xc8076f8d0a3be0ac!8m2!3d-33.3037636!4d-66.337211!15sChNBYm9nYWRvIGVuIHNhbiBsdWlzkgEGbGF3eWVy4AEA!16s%2Fg%2F1tgc0zt3?entry=ttu",Abogado,san luis
Cappiello Marcelo Manuel,,,,,"https://www.google.com/maps/place/Cappiello+Marcelo+Manuel/@-33.3003949,-66.375311,14z/data=!4m10!1m2!2m1!1sAbogado+en+san+luis!3m6!1s0x95d43bfe17fb5a95:0xb6ca0e26d2bbb1f0!8m2!3d-33.3063842!4d-66.3361931!15sChNBYm9nYWRvIGVuIHNhbiBsdWlzkgEGbGF3eWVy4AEA!16s%2Fg%2F1tf7yx_t?entry=ttu",Abogado,san luis
CG Estudio Juridico,,5.0,1,,"https://www.google.com/maps/place/C%26G+Estudio+Juridico/@-33.3003949,-66.375311,14z/data=!4m10!1m2!2m1!1sAbogado+en+san+luis!3m6!1s0x95d43eab4f671367:0xb1a34dd341308d0!8m2!3d-33.3002273!4d-66.3314755!15sChNBYm9nYWRvIGVuIHNhbiBsdWlzkgEGbGF3eWVy4AEA!16s%2Fg%2F11csqrbcyl?entry=ttu",Abogado,san luis
Estudio Jurídico e Inmobiliario Serrano,,,,2664570860,"https://www.google.com/maps/place/Estudio+Jur%C3%ADdico+e+Inmobiliario+Serrano/@-33.3002273,-66.3675244,14z/data=!4m10!1m2!2m1!1sAbogado+en+san+luis!3m6!1s0x95d439736418f429:0x5fe9b5a2f57a2fc5!8m2!3d-33.3043065!4d-66.3385866!15sChNBYm9nYWRvIGVuIHNhbiBsdWlzkgEVZW1wbG95bWVudF9jb25zdWx0YW504AEA!16s%2Fg%2F11gyyxnxn1?entry=ttu",Abogado,san luis
Estudio Juridico Dr. Lucero Juan Carlos,,,,,"https://www.google.com/maps/place/Estudio+Juridico+Dr.+Lucero+Juan+Carlos/@-33.3002273,-66.3675244,14z/data=!4m10!1m2!2m1!1sAbogado+en+san+luis!3m6!1s0x95d43eaa9291872d:0x7727aae7e664f16d!8m2!3d-33.3032668!4d-66.330975!15sChNBYm9nYWRvIGVuIHNhbiBsdWlzkgEGbGF3eWVy4AEA!16s%2Fg%2F1vpq82b4?entry=ttu",Abogado,san luis
Sarmiento Carlos A,,,,,"https://www.google.com/maps/place/Sarmiento+Carlos+A/@-33.3002273,-66.3675244,14z/data=!4m10!1m2!2m1!1sAbogado+en+san+luis!3m6!1s0x95d439561d7a8e13:0x4d2baa9ce7e5faae!8m2!3d-33.3061163!4d-66.3388101!15sChNBYm9nYWRvIGVuIHNhbiBsdWlzkgEGbGF3eWVy4AEA!16s%2Fg%2F1tj349zt?entry=ttu",Abogado,san luis
Estudio Escudero Gauna,,,,,"https://www.google.com/maps/place/Estudio+Escudero+Gauna/@-33.3061163,-66.374859,14z/data=!4m10!1m2!2m1!1sAbogado+en+san+luis!3m6!1s0x95d43b2a156748cd:0x46febd6e39f6a413!8m2!3d-33.3060353!4d-66.335047!15sChNBYm9nYWRvIGVuIHNhbiBsdWlzkgEGbGF3eWVy4AEA!16s%2Fg%2F11pd7g2brb?entry=ttu",Abogado,san luis
Estudio Jurídico,,,,,"https://www.google.com/maps/place/Estudio+Jur%C3%ADdico/@-33.3061163,-66.374859,14z/data=!4m10!1m2!2m1!1sAbogado+en+san+luis!3m6!1s0x95d43f02f18c3e25:0xa5400d498ed7b078!8m2!3d-33.2890121!4d-66.3292902!15sChNBYm9nYWRvIGVuIHNhbiBsdWlzkgEZZ2VuZXJhbF9wcmFjdGljZV9hdHRvcm5leeABAA!16s%2Fg%2F11fm3w7l9w?entry=ttu",Abogado,san luis
Escribanía Cangiano,,1.0,6,2665025698,"https://www.google.com/maps/place/Escriban%C3%ADa+Cangiano/@-33.2890121,-66.3653391,14z/data=!4m10!1m2!2m1!1sAbogado+en+san+luis!3m6!1s0x95d4397abb4487ef:0x1facfdfd83b8b4bf!8m2!3d-33.3063151!4d-66.3392245!15sChNBYm9nYWRvIGVuIHNhbiBsdWlzWhUiE2Fib2dhZG8gZW4gc2FuIGx1aXOSAQ1ub3RhcnlfcHVibGljmgEkQ2hkRFNVaE5NRzluUzBWSlEwRm5TVVJsY1RWNlREaEJSUkFC4AEA!16s%2Fg%2F11gtg79ktw?entry=ttu",Abogado,san luis
ESTUDIO CONTABLE - JURÍDICO Y CONCURSAL DI CHIARA Y ASOCIADOS,,,,2664428534,"https://www.google.com/maps/place/ESTUDIO+CONTABLE+-+JUR%C3%8DDICO+Y+CONCURSAL+DI+CHIARA+Y+ASOCIADOS/@-33.3063151,-66.3752734,14z/data=!4m10!1m2!2m1!1sAbogado+en+san+luis!3m6!1s0x95d4395638c11547:0xb44ce69492467437!8m2!3d-33.3053192!4d-66.3397063!15sChNBYm9nYWRvIGVuIHNhbiBsdWlzkgERYWNjb3VudGluZ19zY2hvb2zgAQA!16s%2Fg%2F11bbrpzg6f?entry=ttu",Abogado,san luis
Scanferlato grupo inmobiliario,,,,,"https://www.google.com/maps/place/Scanferlato+grupo+inmobiliario/@-33.3063151,-66.3752734,14z/data=!4m10!1m2!2m1!1sAbogado+en+san+luis!3m6!1s0x95d439555c1e64bb:0xeacc4e8c77642271!8m2!3d-33.3026851!4d-66.3391077!15sChNBYm9nYWRvIGVuIHNhbiBsdWlzkgEUcmVhbF9lc3RhdGVfYXR0b3JuZXngAQA!16s%2Fg%2F11q3sr5mk6?entry=ttu",Abogado,san luis
Procurador General,justiciasanluis.gov.ar,,,2664422688,"https://www.google.com/maps/place/Procurador+General/@-33.3063151,-66.3752734,14z/data=!4m10!1m2!2m1!1sAbogado+en+san+luis!3m6!1s0x95d43b78c671ea0f:0xec418d5a05cd092a!8m2!3d-33.3066465!4d-66.335398!15sChNBYm9nYWRvIGVuIHNhbiBsdWlzkgERZGlzdHJpY3RfYXR0b3JuZXngAQA!16s%2Fg%2F11pqy6twcr?entry=ttu",Abogado,san luis
Defensoría de Cámara,justiciasanluis.gov.ar,,,2664444697,"https://www.google.com/maps/place/Defensor%C3%ADa+de+C%C3%A1mara/@-33.3063151,-66.3752734,14z/data=!4m10!1m2!2m1!1sAbogado+en+san+luis!3m6!1s0x95d43b5fd6b41f89:0xfa52b78be8eee07!8m2!3d-33.3075015!4d-66.3345056!15sChNBYm9nYWRvIGVuIHNhbiBsdWlzkgENY2l2aWxfZGVmZW5jZeABAA!16s%2Fg%2F11r8gp0127?entry=ttu",Abogado,san luis
Fiscal de Cámara N° 1,justiciasanluis.gov.ar,5.0,1,2664427458,"https://www.google.com/maps/place/Fiscal+de+C%C3%A1mara+N%C2%B0+1/@-33.3063151,-66.3752734,14z/data=!4m10!1m2!2m1!1sAbogado+en+san+luis!3m6!1s0x95d43b9820813fff:0x8f1b3599e92601a7!8m2!3d-33.3075015!4d-66.3345056!15sChNBYm9nYWRvIGVuIHNhbiBsdWlzkgERZGlzdHJpY3RfYXR0b3JuZXngAQA!16s%2Fg%2F11r8gmmy2l?entry=ttu",Abogado,san luis
ESTUDIO JURIDICO CALDERON SALOMON,,4.0,2,2664334578,"https://www.google.com/maps/place/ESTUDIO+JURIDICO+CALDERON+SALOMON/@-33.3063151,-66.3752734,14z/data=!4m10!1m2!2m1!1sAbogado+en+san+luis!3m6!1s0x95d43fa65002498b:0x9f0fff4649ae2049!8m2!3d-33.3010587!4d-66.3277801!15sChNBYm9nYWRvIGVuIHNhbiBsdWlzkgEQY29ycG9yYXRlX29mZmljZeABAA!16s%2Fg%2F11h3kzhstc?entry=ttu",Abogado,san luis
Alicia Fer,,,,,"https://www.google.com/maps/place/Alicia+Fer/@-33.3010587,-66.363829,14z/data=!4m10!1m2!2m1!1sAbogado+en+san+luis!3m6!1s0x95d43dd6812270b5:0xdaf5df43f719e795!8m2!3d-33.3220556!4d-66.3114766!15sChNBYm9nYWRvIGVuIHNhbiBsdWlzkgEXcHVibGljX2RlZmVuZGVyc19vZmZpY2XgAQA!16s%2Fg%2F11qp7qv0lr?entry=ttu",Abogado,san luis
Renault Servicios,,3.8,26,2664420903,"https://www.google.com/maps/place/Renault+Servicios/@-33.3010553,-66.363829,14z/data=!4m11!1m3!2m2!1sConcesionario+de+autom%C3%83%C2%B3viles+en+san+luis!6e6!3m6!1s0x95d43eb25fe7458d:0x960ede87b0ea427f!8m2!3d-33.2922879!4d-66.3303331!15sCitDb25jZXNpb25hcmlvIGRlIGF1dG9tw4PCs3ZpbGVzIGVuIHNhbiBsdWlzkgERYXV0b19tYWNoaW5lX3Nob3DgAQA!16s%2Fg%2F11b5wmh1k6?entry=ttu",Concesionario de automÃ³viles,san luis
Autoferia by Lorenzo - San Luis,autoferialorenzo.com,4.8,9,2664408277,"https://www.google.com/maps/place/Autoferia+by+Lorenzo+-+San+Luis/@-33.3010553,-66.363829,14z/data=!4m11!1m3!2m2!1sConcesionario+de+autom%C3%83%C2%B3viles+en+san+luis!6e6!3m6!1s0x95d439497ff3c0fb:0x4b079c5759cfa52d!8m2!3d-33.2934194!4d-66.3428744!15sCitDb25jZXNpb25hcmlvIGRlIGF1dG9tw4PCs3ZpbGVzIGVuIHNhbiBsdWlzWi0iK2NvbmNlc2lvbmFyaW8gZGUgYXV0b23Do8KzdmlsZXMgZW4gc2FuIGx1aXOSAQpjYXJfZGVhbGVymgEkQ2hkRFNVaE5NRzluUzBWSlEwRm5TVVIwY2pjdFYzcEJSUkFC4AEA!16s%2Fg%2F11stp8zf_z?entry=ttu",Concesionario de automÃ³viles,san luis
Familia Parra - Concesionario Oficial Fiat San Luis,parrafiat.com.ar,4.0,577,2664445925,"https://www.google.com/maps/place/Familia+Parra+-+Concesionario+Oficial+Fiat+San+Luis/@-33.2934194,-66.3789233,14z/data=!4m11!1m3!2m2!1sConcesionario+de+autom%C3%83%C2%B3viles+en+san+luis!6e6!3m6!1s0x95d43eada38fb9cd:0x45d4324f79a7aaa7!8m2!3d-33.2933741!4d-66.3416828!15sCitDb25jZXNpb25hcmlvIGRlIGF1dG9tw4PCs3ZpbGVzIGVuIHNhbiBsdWlzWi0iK2NvbmNlc2lvbmFyaW8gZGUgYXV0b23Do8KzdmlsZXMgZW4gc2FuIGx1aXOSAQpjYXJfZGVhbGVymgEjQ2haRFNVaE5NRzluUzBWSlEwRm5TVU0wTW1aeGMwWkJFQUXgAQA!16s%2Fg%2F1th0cmwq?entry=ttu",Concesionario de automÃ³viles,san luis
Expo Usados de San Luis,expousados.com.ar,4.3,22,2665018102,"https://www.google.com/maps/place/Expo+Usados+de+San+Luis/@-33.2934194,-66.3789233,14z/data=!4m11!1m3!2m2!1sConcesionario+de+autom%C3%83%C2%B3viles+en+san+luis!6e6!3m6!1s0x95d43f17b63de1d5:0x449454710d3ab3d1!8m2!3d-33.294516!4d-66.2957451!15sCitDb25jZXNpb25hcmlvIGRlIGF1dG9tw4PCs3ZpbGVzIGVuIHNhbiBsdWlzWi0iK2NvbmNlc2lvbmFyaW8gZGUgYXV0b23Do8KzdmlsZXMgZW4gc2FuIGx1aXOSAQpjYXJfZGVhbGVy4AEA!16s%2Fg%2F11f6b0lc9n?entry=ttu",Concesionario de automÃ³viles,san luis
Concesionario Oficial Autocity Usados San Luis,autocity.com.ar,4.9,35,,"https://www.google.com/maps/place/Concesionario+Oficial+Autocity+Usados+San+Luis/@-33.294516,-66.331794,14z/data=!4m11!1m3!2m2!1sConcesionario+de+autom%C3%83%C2%B3viles+en+san+luis!6e6!3m6!1s0x95d439a0940ff717:0x54fc253f74159de!8m2!3d-33.292552!4d-66.3414355!15sCitDb25jZXNpb25hcmlvIGRlIGF1dG9tw4PCs3ZpbGVzIGVuIHNhbiBsdWlzWi0iK2NvbmNlc2lvbmFyaW8gZGUgYXV0b23Do8KzdmlsZXMgZW4gc2FuIGx1aXOSAQpjYXJfZGVhbGVymgEjQ2haRFNVaE5NRzluUzBWSlEwRm5TVVJhZWxCVVgwNW5FQUXgAQA!16s%2Fg%2F11t5m42j8n?entry=ttu",Concesionario de automÃ³viles,san luis
DE-AUTOS,ginoledesma2016.wixsite.com,3.9,17,2664577198,"https://www.google.com/maps/place/DE-AUTOS/@-33.292552,-66.3774844,14z/data=!4m11!1m3!2m2!1sConcesionario+de+autom%C3%83%C2%B3viles+en+san+luis!6e6!3m6!1s0x95d43ea8dbf3aa6b:0x14fa0d45033736d4!8m2!3d-33.2988435!4d-66.3230552!15sCitDb25jZXNpb25hcmlvIGRlIGF1dG9tw4PCs3ZpbGVzIGVuIHNhbiBsdWlzWi0iK2NvbmNlc2lvbmFyaW8gZGUgYXV0b23Do8KzdmlsZXMgZW4gc2FuIGx1aXOSAQ91c2VkX2Nhcl9kZWFsZXLgAQA!16s%2Fg%2F11hbv70sy8?entry=ttu",Concesionario de automÃ³viles,san luis
Ford - Martin Autos,martinautos.com.ar,4.2,521,2664440059,"https://www.google.com/maps/place/Ford+-+Martin+Autos/@-33.2988435,-66.3591041,14z/data=!4m11!1m3!2m2!1sConcesionario+de+autom%C3%83%C2%B3viles+en+san+luis!6e6!3m6!1s0x95d43eb2c95ac847:0xf372cde8ea15a7ee!8m2!3d-33.2925442!4d-66.3338401!15sCitDb25jZXNpb25hcmlvIGRlIGF1dG9tw4PCs3ZpbGVzIGVuIHNhbiBsdWlzWi0iK2NvbmNlc2lvbmFyaW8gZGUgYXV0b23Do8KzdmlsZXMgZW4gc2FuIGx1aXOSAQpjYXJfZGVhbGVymgEkQ2hkRFNVaE5NRzluUzBWSlEwRm5TVU53TFdWaVNuQm5SUkFC4AEA!16s%2Fg%2F1tdm4y2t?entry=ttu",Concesionario de automÃ³viles,san luis
Yuvel Automotores,,4.8,24,2664687553,"https://www.google.com/maps/place/Yuvel+Automotores/@-33.2925442,-66.369889,14z/data=!4m11!1m3!2m2!1sConcesionario+de+autom%C3%83%C2%B3viles+en+san+luis!6e6!3m6!1s0x95d4394f753b316f:0x198a20a693ca0201!8m2!3d-33.2938842!4d-66.3423724!15sCitDb25jZXNpb25hcmlvIGRlIGF1dG9tw4PCs3ZpbGVzIGVuIHNhbiBsdWlzWi0iK2NvbmNlc2lvbmFyaW8gZGUgYXV0b23Do8KzdmlsZXMgZW4gc2FuIGx1aXOSAQpjYXJfZGVhbGVy4AEA!16s%2Fg%2F1tg36d_k?entry=ttu",Concesionario de automÃ³viles,san luis
VCARS,,4.8,19,2664192290,"https://www.google.com/maps/place/VCARS/@-33.304379,-66.3664345,14z/data=!4m11!1m3!2m2!1sConcesionario+de+autom%C3%83%C2%B3viles+en+san+luis!6e6!3m6!1s0x95d4394dc90da955:0xdff4e874666908f5!8m2!3d-33.304379!4d-66.3303856!15sCitDb25jZXNpb25hcmlvIGRlIGF1dG9tw4PCs3ZpbGVzIGVuIHNhbiBsdWlzWi0iK2NvbmNlc2lvbmFyaW8gZGUgYXV0b23Do8KzdmlsZXMgZW4gc2FuIGx1aXOSAQpjYXJfZGVhbGVymgEkQ2hkRFNVaE5NRzluUzBWSlEwRm5TVU14T1hOUVZUaEJSUkFC4AEA!16s%2Fg%2F11c547bc8t?entry=ttu",Concesionario de automÃ³viles,san luis
Yango Automotores,,3.8,21,,"https://www.google.com/maps/place/Yango+Automotores/@-33.304379,-66.3664345,14z/data=!4m11!1m3!2m2!1sConcesionario+de+autom%C3%83%C2%B3viles+en+san+luis!6e6!3m6!1s0x95d43959ad26b77d:0xc2fc7dcdc8231176!8m2!3d-33.2785764!4d-66.3212411!15sCitDb25jZXNpb25hcmlvIGRlIGF1dG9tw4PCs3ZpbGVzIGVuIHNhbiBsdWlzWi0iK2NvbmNlc2lvbmFyaW8gZGUgYXV0b23Do8KzdmlsZXMgZW4gc2FuIGx1aXOSAQpjYXJfZGVhbGVymgEjQ2haRFNVaE5NRzluUzBWSlEwRm5TVU41ZEdKWFdWRjNFQUXgAQA!16s%2Fg%2F1tg82nmj?entry=ttu",Concesionario de automÃ³viles,san luis
Ceschini Centro De Vehiculos,,4.7,28,2664700511,"https://www.google.com/maps/place/Ceschini+Centro+De+Vehiculos/@-33.2785764,-66.35729,14z/data=!4m11!1m3!2m2!1sConcesionario+de+autom%C3%83%C2%B3viles+en+san+luis!6e6!3m6!1s0x95d43d43812ea0bf:0xc03698d55d60862f!8m2!3d-33.2809797!4d-66.3312509!15sCitDb25jZXNpb25hcmlvIGRlIGF1dG9tw4PCs3ZpbGVzIGVuIHNhbiBsdWlzWi0iK2NvbmNlc2lvbmFyaW8gZGUgYXV0b23Do8KzdmlsZXMgZW4gc2FuIGx1aXOSAQpjYXJfZGVhbGVymgEjQ2haRFNVaE5NRzluUzBWSlEwRm5TVU5OTkRSTE5WRm5FQUXgAQA!16s%2Fg%2F11h893k1xz?entry=ttu",Concesionario de automÃ³viles,san luis
Daniel Castillo Automotores,,4.3,96,2664009842,"https://www.google.com/maps/place/Daniel+Castillo+Automotores/@-33.2809797,-66.3672998,14z/data=!4m11!1m3!2m2!1sConcesionario+de+autom%C3%83%C2%B3viles+en+san+luis!6e6!3m6!1s0x95d43eba2050d52d:0xf790fcd37a918dae!8m2!3d-33.2964277!4d-66.2833777!15sCitDb25jZXNpb25hcmlvIGRlIGF1dG9tw4PCs3ZpbGVzIGVuIHNhbiBsdWlzWi0iK2NvbmNlc2lvbmFyaW8gZGUgYXV0b23Do8KzdmlsZXMgZW4gc2FuIGx1aXOSAQpjYXJfZGVhbGVymgEkQ2hkRFNVaE5NRzluUzBWSlEwRm5TVVJLYUc5WWIyMVJSUkFC4AEA!16s%2Fg%2F11cp5r8s5w?entry=ttu",Concesionario de automÃ³viles,san luis
Stilo Automotores,,1.0,1,,"https://www.google.com/maps/place/Stilo+Automotores/@-33.2964277,-66.3194266,14z/data=!4m11!1m3!2m2!1sConcesionario+de+autom%C3%83%C2%B3viles+en+san+luis!6e6!3m6!1s0x95d43944b80bbc7b:0xba4c52e5802f47ac!8m2!3d-33.296863!4d-66.348307!15sCitDb25jZXNpb25hcmlvIGRlIGF1dG9tw4PCs3ZpbGVzIGVuIHNhbiBsdWlzkgEUbW90b3JfdmVoaWNsZV9kZWFsZXLgAQA!16s%2Fg%2F11hyl4m6n3?entry=ttu",Concesionario de automÃ³viles,san luis
CN MULTIMARCAS,,4.5,12,2664308766,"https://www.google.com/maps/place/CN+MULTIMARCAS/@-33.2902699,-66.3592935,14z/data=!4m11!1m3!2m2!1sConcesionario+de+autom%C3%83%C2%B3viles+en+san+luis!6e6!3m6!1s0x95d43f14fcc8c4bf:0x1247d167e19cf2fc!8m2!3d-33.2902699!4d-66.3232446!15sCitDb25jZXNpb25hcmlvIGRlIGF1dG9tw4PCs3ZpbGVzIGVuIHNhbiBsdWlzkgEKY2FyX2RlYWxlcuABAA!16s%2Fg%2F11rwqvtkf_?entry=ttu",Concesionario de automÃ³viles,san luis
Autos Mediterraneos,autosmediterraneos.com.ar,3.9,530,2664452400,"https://www.google.com/maps/place/Autos+Mediterraneos/@-33.2902699,-66.3592935,14z/data=!4m11!1m3!2m2!1sConcesionario+de+autom%C3%83%C2%B3viles+en+san+luis!6e6!3m6!1s0x95d43e82aa54f05f:0xec359b1e28f4146f!8m2!3d-33.297199!4d-66.295764!15sCitDb25jZXNpb25hcmlvIGRlIGF1dG9tw4PCs3ZpbGVzIGVuIHNhbiBsdWlzWi0iK2NvbmNlc2lvbmFyaW8gZGUgYXV0b23Do8KzdmlsZXMgZW4gc2FuIGx1aXOSARF2b2xrc3dhZ2VuX2RlYWxlcpoBJENoZERTVWhOTUc5blMwVkpRMEZuU1VOMWJtTnhjak5CUlJBQuABAA!16s%2Fg%2F1hc4dlrz8?entry=ttu",Concesionario de automÃ³viles,san luis
Automotores Puente Blanco,,4.6,12,2664384106,"https://www.google.com/maps/place/Automotores+Puente+Blanco/@-33.2947851,-66.3483176,14z/data=!4m11!1m3!2m2!1sConcesionario+de+autom%C3%83%C2%B3viles+en+san+luis!6e6!3m6!1s0x95d43f95d06bf241:0x8e1268fb004bf322!8m2!3d-33.2947851!4d-66.3122687!15sCitDb25jZXNpb25hcmlvIGRlIGF1dG9tw4PCs3ZpbGVzIGVuIHNhbiBsdWlzWi0iK2NvbmNlc2lvbmFyaW8gZGUgYXV0b23Do8KzdmlsZXMgZW4gc2FuIGx1aXOSAQpjYXJfZGVhbGVy4AEA!16s%2Fg%2F11h_6k77c8?entry=ttu",Concesionario de automÃ³viles,san luis
PARIS Peugeot - San Luis,parispeugeot.com.ar,4.1,550,2664303957,"https://www.google.com/maps/place/PARIS+Peugeot+-+San+Luis/@-33.2960141,-66.3340406,14z/data=!4m11!1m3!2m2!1sConcesionario+de+autom%C3%83%C2%B3viles+en+san+luis!6e6!3m6!1s0x95d43e9d19c46cfd:0xe7b01cba06353b4a!8m2!3d-33.2960141!4d-66.2979917!15sCitDb25jZXNpb25hcmlvIGRlIGF1dG9tw4PCs3ZpbGVzIGVuIHNhbiBsdWlzWi0iK2NvbmNlc2lvbmFyaW8gZGUgYXV0b23Do8KzdmlsZXMgZW4gc2FuIGx1aXOSAQ5wZXVnZW90X2RlYWxlcpoBJENoZERTVWhOTUc5blMwVkpRMEZuU1VOTGF6Wk1TV2RuUlJBQuABAA!16s%2Fg%2F11b7lnn2l5?entry=ttu",Concesionario de automÃ³viles,san luis
Autoferia by Lorenzo - San Luis,autoferialorenzo.com,4.8,9,2664408277,"https://www.google.com/maps/place/Autoferia+by+Lorenzo+-+San+Luis/@-33.2934194,-66.3789233,14z/data=!4m11!1m3!2m2!1sConcesionario+de+autom%C3%83%C2%B3viles+en+san+luis!6e6!3m6!1s0x95d439497ff3c0fb:0x4b079c5759cfa52d!8m2!3d-33.2934194!4d-66.3428744!15sCitDb25jZXNpb25hcmlvIGRlIGF1dG9tw4PCs3ZpbGVzIGVuIHNhbiBsdWlzWi0iK2NvbmNlc2lvbmFyaW8gZGUgYXV0b23Do8KzdmlsZXMgZW4gc2FuIGx1aXOSAQpjYXJfZGVhbGVymgEkQ2hkRFNVaE5NRzluUzBWSlEwRm5TVVIwY2pjdFYzcEJSUkFC4AEA!16s%2Fg%2F11stp8zf_z?entry=ttu",Concesionario de automÃ³viles,san luis
Autos MEDITERRÁNEOS,autosmediterraneos.com.ar,,,,"https://www.google.com/maps/place/Autos+MEDITERR%C3%81NEOS/@-33.3085631,-66.3606723,14z/data=!4m11!1m3!2m2!1sConcesionario+de+autom%C3%83%C2%B3viles+en+san+luis!6e6!3m6!1s0x95d43d17d22cab4b:0x78295e06d6e7a4fe!8m2!3d-33.3085631!4d-66.3246234!15sCitDb25jZXNpb25hcmlvIGRlIGF1dG9tw4PCs3ZpbGVzIGVuIHNhbiBsdWlzkgERdm9sa3N3YWdlbl9kZWFsZXLgAQA!16s%2Fg%2F11h5v_9vl3?entry=ttu",Concesionario de automÃ³viles,san luis
Yango automotores,,4.2,45,2664427190,"https://www.google.com/maps/place/Yango+automotores/@-33.3085631,-66.3606723,14z/data=!4m11!1m3!2m2!1sConcesionario+de+autom%C3%83%C2%B3viles+en+san+luis!6e6!3m6!1s0x95d43e9c97b57dcb:0x91d9f3cfa5a14f59!8m2!3d-33.2937967!4d-66.2979686!15sCitDb25jZXNpb25hcmlvIGRlIGF1dG9tw4PCs3ZpbGVzIGVuIHNhbiBsdWlzWi0iK2NvbmNlc2lvbmFyaW8gZGUgYXV0b23Do8KzdmlsZXMgZW4gc2FuIGx1aXOSAQpjYXJfZGVhbGVymgEjQ2haRFNVaE5NRzluUzBWSlEwRm5TVVJDTjNKRFIyRjNFQUXgAQA!16s%2Fg%2F11f0422ly9?entry=ttu",Concesionario de automÃ³viles,san luis
Automotores Norte,,4.7,26,2664444016,"https://www.google.com/maps/place/Automotores+Norte/@-33.2937967,-66.3340175,14z/data=!4m11!1m3!2m2!1sConcesionario+de+autom%C3%83%C2%B3viles+en+san+luis!6e6!3m6!1s0x95d43ec7a9759159:0x5ca7cf818980430a!8m2!3d-33.2785042!4d-66.317238!15sCitDb25jZXNpb25hcmlvIGRlIGF1dG9tw4PCs3ZpbGVzIGVuIHNhbiBsdWlzWi0iK2NvbmNlc2lvbmFyaW8gZGUgYXV0b23Do8KzdmlsZXMgZW4gc2FuIGx1aXOSAQthdXRvX2Jyb2tlcpoBI0NoWkRTVWhOTUc5blMwVkpRMEZuU1VSRGNtOUxZbUozRUFF4AEA!16s%2Fg%2F11gdrvq65m?entry=ttu",Concesionario de automÃ³viles,san luis
Toyota Alianz San Luis,toyotaalianz.com,4.3,889,2665018102,"https://www.google.com/maps/place/Toyota+Alianz+San+Luis/@-33.2785042,-66.3532869,14z/data=!4m11!1m3!2m2!1sConcesionario+de+autom%C3%83%C2%B3viles+en+san+luis!6e6!3m6!1s0x95d43e9cb85d2d1f:0x5a8ed0eeee37272a!8m2!3d-33.2938389!4d-66.2971523!15sCitDb25jZXNpb25hcmlvIGRlIGF1dG9tw4PCs3ZpbGVzIGVuIHNhbiBsdWlzWi0iK2NvbmNlc2lvbmFyaW8gZGUgYXV0b23Do8KzdmlsZXMgZW4gc2FuIGx1aXOSAQ10b3lvdGFfZGVhbGVymgEjQ2haRFNVaE5NRzluUzBWSlEwRm5TVVJsTFRoRWExbFJFQUXgAQA!16s%2Fg%2F11h191smr?entry=ttu",Concesionario de automÃ³viles,san luis
Lafinur Automotor,,,,,"https://www.google.com/maps/place/Lafinur+Automotor/@-33.2938389,-66.3332012,14z/data=!4m11!1m3!2m2!1sConcesionario+de+autom%C3%83%C2%B3viles+en+san+luis!6e6!3m6!1s0x95d43be2d97da171:0xa73508614a4458f7!8m2!3d-33.3098137!4d-66.3444197!15sCitDb25jZXNpb25hcmlvIGRlIGF1dG9tw4PCs3ZpbGVzIGVuIHNhbiBsdWlzkgELYXV0b19icm9rZXLgAQA!16s%2Fg%2F11gfkjz03g?entry=ttu",Concesionario de automÃ³viles,san luis
Automotores Hugo Jofre,,3.6,13,2664429502,"https://www.google.com/maps/place/Automotores+Hugo+Jofre/@-33.3098137,-66.3804686,14z/data=!4m11!1m3!2m2!1sConcesionario+de+autom%C3%83%C2%B3viles+en+san+luis!6e6!3m6!1s0x95d439543c06519d:0xd5745b888e0119a8!8m2!3d-33.3125076!4d-66.3438839!15sCitDb25jZXNpb25hcmlvIGRlIGF1dG9tw4PCs3ZpbGVzIGVuIHNhbiBsdWlzWi0iK2NvbmNlc2lvbmFyaW8gZGUgYXV0b23Do8KzdmlsZXMgZW4gc2FuIGx1aXOSAQpjYXJfZGVhbGVy4AEA!16s%2Fg%2F1q62fhvvc?entry=ttu",Concesionario de automÃ³viles,san luis
Rolo,,4.0,1,,"https://www.google.com/maps/place/Rolo/@-33.3098137,-66.3804686,14z/data=!4m11!1m3!2m2!1sConcesionario+de+autom%C3%83%C2%B3viles+en+san+luis!6e6!3m6!1s0x95d43945ef543907:0xd2c73d89777d62ac!8m2!3d-33.2922933!4d-66.344925!15sCitDb25jZXNpb25hcmlvIGRlIGF1dG9tw4PCs3ZpbGVzIGVuIHNhbiBsdWlzkgEKY2FyX2RlYWxlcuABAA!16s%2Fg%2F11h6rnb24s?entry=ttu",Concesionario de automÃ³viles,san luis
Nix Nissan Autocity,autocity.com.ar,4.4,84,8108884000,"https://www.google.com/maps/place/Nix+Nissan+Autocity/@-33.3098137,-66.3804686,14z/data=!4m11!1m3!2m2!1sConcesionario+de+autom%C3%83%C2%B3viles+en+san+luis!6e6!3m6!1s0x95d43d8be03b352d:0x1d725ffa2947a00d!8m2!3d-33.3021404!4d-66.3166456!15sCitDb25jZXNpb25hcmlvIGRlIGF1dG9tw4PCs3ZpbGVzIGVuIHNhbiBsdWlzWi0iK2NvbmNlc2lvbmFyaW8gZGUgYXV0b23Do8KzdmlsZXMgZW4gc2FuIGx1aXOSAQpjYXJfZGVhbGVy4AEA!16s%2Fg%2F11ptw87x7y?entry=ttu",Concesionario de automÃ³viles,san luis
Ricardo Bassi Multimarcas,,4.4,12,,"https://www.google.com/maps/place/Ricardo+Bassi+Multimarcas/@-33.3021404,-66.3526945,14z/data=!4m11!1m3!2m2!1sConcesionario+de+autom%C3%83%C2%B3viles+en+san+luis!6e6!3m6!1s0x95d4394d3074cfa1:0x3fec22698594c8fa!8m2!3d-33.2925461!4d-66.3326539!15sCitDb25jZXNpb25hcmlvIGRlIGF1dG9tw4PCs3ZpbGVzIGVuIHNhbiBsdWlzkgEKY2FyX2RlYWxlcuABAA!16s%2Fg%2F11g9qldjcg?entry=ttu",Concesionario de automÃ³viles,san luis
Paone Automotores,,4.6,17,2664898830,"https://www.google.com/maps/place/Paone+Automotores/@-33.2925461,-66.3687028,14z/data=!4m11!1m3!2m2!1sConcesionario+de+autom%C3%83%C2%B3viles+en+san+luis!6e6!3m6!1s0x95d439fe9fddd3bf:0x6152daab2784abb!8m2!3d-33.2797036!4d-66.3325492!15sCitDb25jZXNpb25hcmlvIGRlIGF1dG9tw4PCs3ZpbGVzIGVuIHNhbiBsdWlzWi0iK2NvbmNlc2lvbmFyaW8gZGUgYXV0b23Do8KzdmlsZXMgZW4gc2FuIGx1aXOSAQpjYXJfZGVhbGVy4AEA!16s%2Fg%2F11gv0qy9s8?entry=ttu",Concesionario de automÃ³viles,san luis
PARIS Citroen - San Luis,pariscitroen.com.ar,4.3,66,2664316521,"https://www.google.com/maps/place/PARIS+Citroen+-+San+Luis/@-33.2925461,-66.3687028,14z/data=!4m11!1m3!2m2!1sConcesionario+de+autom%C3%83%C2%B3viles+en+san+luis!6e6!3m6!1s0x95d43e9d1f74fb47:0xfe7a11fff8308a21!8m2!3d-33.2955655!4d-66.2978448!15sCitDb25jZXNpb25hcmlvIGRlIGF1dG9tw4PCs3ZpbGVzIGVuIHNhbiBsdWlzWi0iK2NvbmNlc2lvbmFyaW8gZGUgYXV0b23Do8KzdmlsZXMgZW4gc2FuIGx1aXOSARRtb3Rvcl92ZWhpY2xlX2RlYWxlcuABAA!16s%2Fg%2F11c6zy1w73?entry=ttu",Concesionario de automÃ³viles,san luis
Concesionario Renault - San Luis - Tagle,autocity.com.ar,4.4,567,8108884000,"https://www.google.com/maps/place/Concesionario+Renault+-+San+Luis+-+Tagle/@-33.2955655,-66.3338937,14z/data=!4m11!1m3!2m2!1sConcesionario+de+autom%C3%83%C2%B3viles+en+san+luis!6e6!3m6!1s0x95d43945a4e872a1:0xbcd8a18c70201fa4!8m2!3d-33.293318!4d-66.3406784!15sCitDb25jZXNpb25hcmlvIGRlIGF1dG9tw4PCs3ZpbGVzIGVuIHNhbiBsdWlzWi0iK2NvbmNlc2lvbmFyaW8gZGUgYXV0b23Do8KzdmlsZXMgZW4gc2FuIGx1aXOSAQ5yZW5hdWx0X2RlYWxlcpoBJENoZERTVWhOTUc5blMwVkpRMEZuU1VOMWNrMVFUVGRSUlJBQuABAA!16s%2Fg%2F11c5qmstph?entry=ttu",Concesionario de automÃ³viles,san luis
Centenario Automotores,,,,,"https://www.google.com/maps/place/Centenario+Automotores/@-33.293318,-66.3767273,14z/data=!4m11!1m3!2m2!1sConcesionario+de+autom%C3%83%C2%B3viles+en+san+luis!6e6!3m6!1s0x95d43f00178f5175:0xcb820bbb75057134!8m2!3d-33.2790457!4d-66.325751!15sCitDb25jZXNpb25hcmlvIGRlIGF1dG9tw4PCs3ZpbGVzIGVuIHNhbiBsdWlzkgEKY2FyX2RlYWxlcuABAA!16s%2Fg%2F11y2j3z77h?entry=ttu",Concesionario de automÃ³viles,san luis
Nicotra automotores,,4.3,10,2664361786,"https://www.google.com/maps/place/Nicotra+automotores/@-33.2790457,-66.3617999,14z/data=!4m11!1m3!2m2!1sConcesionario+de+autom%C3%83%C2%B3viles+en+san+luis!6e6!3m6!1s0x95d43ba9dadf1a27:0xe8e6cb25253a46c8!8m2!3d-33.3129719!4d-66.3352251!15sCitDb25jZXNpb25hcmlvIGRlIGF1dG9tw4PCs3ZpbGVzIGVuIHNhbiBsdWlzWi0iK2NvbmNlc2lvbmFyaW8gZGUgYXV0b23Do8KzdmlsZXMgZW4gc2FuIGx1aXOSAQ91c2VkX2Nhcl9kZWFsZXKaASNDaFpEU1VoTk1HOW5TMFZKUTBGblNVUkhORjlQVWtaM0VBReABAA!16s%2Fg%2F11ph2q8489?entry=ttu",Concesionario de automÃ³viles,san luis
Terminal san luis,,,,,"https://www.google.com/maps/place/Terminal+san+luis/@-33.2624063,-66.3424008,14z/data=!4m11!1m3!2m2!1sConcesionario+de+autom%C3%83%C2%B3viles+en+san+luis!6e6!3m6!1s0x95d43f0066c05691:0x94a9633c20efa59c!8m2!3d-33.2624063!4d-66.3063519!15sCitDb25jZXNpb25hcmlvIGRlIGF1dG9tw4PCs3ZpbGVzIGVuIHNhbiBsdWlzkgEKY2FyX2RlYWxlcuABAA!16s%2Fg%2F11vppdjpz2?entry=ttu",Concesionario de automÃ³viles,san luis
PARIS Taller Oficial Peugeot / Citroen / DS,parispeugeot.com.ar,4.3,445,2664425157,"https://www.google.com/maps/place/PARIS+Taller+Oficial+Peugeot+%2F+Citroen+%2F+DS/@-33.2624063,-66.3424008,14z/data=!4m11!1m3!2m2!1sConcesionario+de+autom%C3%83%C2%B3viles+en+san+luis!6e6!3m6!1s0x95d43c02a2f9e635:0xfbc1f5861c305a99!8m2!3d-33.3032744!4d-66.3213325!15sCitDb25jZXNpb25hcmlvIGRlIGF1dG9tw4PCs3ZpbGVzIGVuIHNhbiBsdWlzWi0iK2NvbmNlc2lvbmFyaW8gZGUgYXV0b23Do8KzdmlsZXMgZW4gc2FuIGx1aXOSAQpjYXJfZGVhbGVy4AEA!16s%2Fg%2F11c0yj6lzx?entry=ttu",Concesionario de automÃ³viles,san luis
Proyecta Automotores,m.facebook.com,5.0,6,2664546816,"https://www.google.com/maps/place/Proyecta+Automotores/@-33.3032744,-66.3573814,14z/data=!4m11!1m3!2m2!1sConcesionario+de+autom%C3%83%C2%B3viles+en+san+luis!6e6!3m6!1s0x95d43ddec3592a1b:0xf6de18cc7a0f1d9e!8m2!3d-33.3086298!4d-66.3290382!15sCitDb25jZXNpb25hcmlvIGRlIGF1dG9tw4PCs3ZpbGVzIGVuIHNhbiBsdWlzkgEKY2FyX2RlYWxlcuABAA!16s%2Fg%2F11syfqp7hv?entry=ttu",Concesionario de automÃ³viles,san luis
Roca Motores venta de autos,,4.9,19,2664403663,"https://www.google.com/maps/place/Roca+Motores+venta+de+autos/@-33.3086298,-66.3650871,14z/data=!4m11!1m3!2m2!1sConcesionario+de+autom%C3%83%C2%B3viles+en+san+luis!6e6!3m6!1s0x95d43bfb9ff27ebd:0x18fc065e46c6bd18!8m2!3d-33.3132518!4d-66.3407717!15sCitDb25jZXNpb25hcmlvIGRlIGF1dG9tw4PCs3ZpbGVzIGVuIHNhbiBsdWlzWi0iK2NvbmNlc2lvbmFyaW8gZGUgYXV0b23Do8KzdmlsZXMgZW4gc2FuIGx1aXOSARJhdXRvbWF0aW9uX2NvbXBhbnngAQA!16s%2Fg%2F11f3wb6r1x?entry=ttu",Concesionario de automÃ³viles,san luis
Automotores Loche,,,,,"https://www.google.com/maps/place/Automotores+Loche/@-33.3132518,-66.3768206,14z/data=!4m11!1m3!2m2!1sConcesionario+de+autom%C3%83%C2%B3viles+en+san+luis!6e6!3m6!1s0x95d43eac724f4f95:0x53780fa6873dd3ba!8m2!3d-33.2982257!4d-66.3277409!15sCitDb25jZXNpb25hcmlvIGRlIGF1dG9tw4PCs3ZpbGVzIGVuIHNhbiBsdWlzkgEKY2FyX2RlYWxlcuABAA!16s%2Fg%2F11k5lkdwcn?entry=ttu",Concesionario de automÃ³viles,san luis
.,,1.0,1,2664663307,"https://www.google.com/maps/place/@-33.2982257,-66.3637898,14z/data=!4m11!1m3!2m2!1sConcesionario+de+autom%C3%83%C2%B3viles+en+san+luis!6e6!3m6!1s0x95d4394c3d6510ff:0x6bbc251d71cdc1de!8m2!3d-33.2924101!4d-66.3314082!15sCitDb25jZXNpb25hcmlvIGRlIGF1dG9tw4PCs3ZpbGVzIGVuIHNhbiBsdWlzkgEMaG9uZGFfZGVhbGVy4AEA!16s%2Fg%2F11hf3gqqzx?entry=ttu",Concesionario de automÃ³viles,san luis
Trigenio SAS,,,,2664652073,"https://www.google.com/maps/place/Trigenio+SAS/@-33.2982257,-66.3637898,14z/data=!4m11!1m3!2m2!1sConcesionario+de+autom%C3%83%C2%B3viles+en+san+luis!6e6!3m6!1s0x95d439cc26720d7d:0x59e38b6d004bee!8m2!3d-33.3006332!4d-66.3334449!15sCitDb25jZXNpb25hcmlvIGRlIGF1dG9tw4PCs3ZpbGVzIGVuIHNhbiBsdWlzWi0iK2NvbmNlc2lvbmFyaW8gZGUgYXV0b23Do8KzdmlsZXMgZW4gc2FuIGx1aXOSAQpjYXJfZGVhbGVy4AEA!16s%2Fg%2F11vctzm0_9?entry=ttu",Concesionario de automÃ³viles,san luis
PARIS Chevrolet - San Luis,chevroletparis.com.ar,4.4,150,2664001040,"https://www.google.com/maps/place/PARIS+Chevrolet+-+San+Luis/@-33.2982257,-66.3637898,14z/data=!4m11!1m3!2m2!1sConcesionario+de+autom%C3%83%C2%B3viles+en+san+luis!6e6!3m6!1s0x95d43b117358c6eb:0x1f7f75aa56977101!8m2!3d-33.2971521!4d-66.2977067!15sCitDb25jZXNpb25hcmlvIGRlIGF1dG9tw4PCs3ZpbGVzIGVuIHNhbiBsdWlzWi0iK2NvbmNlc2lvbmFyaW8gZGUgYXV0b23Do8KzdmlsZXMgZW4gc2FuIGx1aXOSARBjaGV2cm9sZXRfZGVhbGVymgEkQ2hkRFNVaE5NRzluUzBWSlEwRm5TVU50YnpSdGVXdEJSUkFC4AEA!16s%2Fg%2F11rbhg44m7?entry=ttu",Concesionario de automÃ³viles,san luis
Doral Automotores,,2.0,1,,"https://www.google.com/maps/place/Doral+Automotores/@-33.2971521,-66.3337556,14z/data=!4m11!1m3!2m2!1sConcesionario+de+autom%C3%83%C2%B3viles+en+san+luis!6e6!3m6!1s0x95d43b538e60d2b7:0xdacc2d7f55875d7!8m2!3d-33.3082544!4d-66.3352147!15sCitDb25jZXNpb25hcmlvIGRlIGF1dG9tw4PCs3ZpbGVzIGVuIHNhbiBsdWlzkgEKY2FyX2RlYWxlcuABAA!16s%2Fg%2F11mg0cgks8?entry=ttu",Concesionario de automÃ³viles,san luis
HR-AUTOS,,4.8,34,2664661685,"https://www.google.com/maps/place/HR-AUTOS/@-33.3082544,-66.3712636,14z/data=!4m11!1m3!2m2!1sConcesionario+de+autom%C3%83%C2%B3viles+en+san+luis!6e6!3m6!1s0x95d4394dc893233f:0x1a5f577ae7726c5c!8m2!3d-33.2989112!4d-66.3230262!15sCitDb25jZXNpb25hcmlvIGRlIGF1dG9tw4PCs3ZpbGVzIGVuIHNhbiBsdWlzWi0iK2NvbmNlc2lvbmFyaW8gZGUgYXV0b23Do8KzdmlsZXMgZW4gc2FuIGx1aXOSAQthdXRvX2Jyb2tlcuABAA!16s%2Fg%2F11hbgk1wks?entry=ttu",Concesionario de automÃ³viles,san luis
Multimarcas España,,5.0,5,2664427756,"https://www.google.com/maps/place/Multimarcas+Espa%C3%B1a/@-33.2964955,-66.3752332,14z/data=!4m11!1m3!2m2!1sConcesionario+de+autom%C3%83%C2%B3viles+en+san+luis!6e6!3m6!1s0x95d43951e875aecb:0xb7d36d51d01c567f!8m2!3d-33.2964955!4d-66.3391843!15sCitDb25jZXNpb25hcmlvIGRlIGF1dG9tw4PCs3ZpbGVzIGVuIHNhbiBsdWlzWi0iK2NvbmNlc2lvbmFyaW8gZGUgYXV0b23Do8KzdmlsZXMgZW4gc2FuIGx1aXOSAQthdXRvX2Jyb2tlcpoBJENoZERTVWhOTUc5blMwVkpRMEZuU1VNd2EzRTJkV3huUlJBQuABAA!16s%2Fg%2F11hbllvdkq?entry=ttu",Concesionario de automÃ³viles,san luis
Concesionario Oficial Autocity Nissan San Luis,autocity.com.ar,5.0,5,8108884000,"https://www.google.com/maps/place/Concesionario+Oficial+Autocity+Nissan+San+Luis/@-33.2964955,-66.3752332,14z/data=!4m11!1m3!2m2!1sConcesionario+de+autom%C3%83%C2%B3viles+en+san+luis!6e6!3m6!1s0x95d43d5d72935567:0x4de8b3617050adcd!8m2!3d-33.3031343!4d-66.3178773!15sCitDb25jZXNpb25hcmlvIGRlIGF1dG9tw4PCs3ZpbGVzIGVuIHNhbiBsdWlzWi0iK2NvbmNlc2lvbmFyaW8gZGUgYXV0b23Do8KzdmlsZXMgZW4gc2FuIGx1aXOSAQ1uaXNzYW5fZGVhbGVy4AEA!16s%2Fg%2F11kb2b1p76?entry=ttu",Concesionario de automÃ³viles,san luis
tatoo,,,,,"https://www.google.com/maps/place/tatoo/@-33.3031343,-66.3539262,14z/data=!4m11!1m3!2m2!1sConcesionario+de+autom%C3%83%C2%B3viles+en+san+luis!6e6!3m6!1s0x95d439e94f6ec959:0xc084fa26a4cb903b!8m2!3d-33.3062497!4d-66.3480352!15sCitDb25jZXNpb25hcmlvIGRlIGF1dG9tw4PCs3ZpbGVzIGVuIHNhbiBsdWlzkgEKY2FyX2RlYWxlcuABAA!16s%2Fg%2F11s4nwq3dm?entry=ttu",Concesionario de automÃ³viles,san luis
Automotores valenzuela,,5.0,1,2664836816,"https://www.google.com/maps/place/Automotores+valenzuela/@-33.3062497,-66.3840841,14z/data=!4m11!1m3!2m2!1sConcesionario+de+autom%C3%83%C2%B3viles+en+san+luis!6e6!3m6!1s0x95d43ea8407b745f:0x94e53d9ddf5f96ed!8m2!3d-33.3014757!4d-66.3216686!15sCitDb25jZXNpb25hcmlvIGRlIGF1dG9tw4PCs3ZpbGVzIGVuIHNhbiBsdWlzkgELYXV0b19icm9rZXLgAQA!16s%2Fg%2F11hbn52qb4?entry=ttu",Concesionario de automÃ³viles,san luis
Emiliano Automotores ( EA ),,5.0,2,2664507433,"https://www.google.com/maps/place/Emiliano+Automotores+(+EA+)/@-33.3014757,-66.3577175,14z/data=!4m11!1m3!2m2!1sConcesionario+de+autom%C3%83%C2%B3viles+en+san+luis!6e6!3m6!1s0x95d439584c409e57:0x295982c52f74f485!8m2!3d-33.3053071!4d-66.3457752!15sCitDb25jZXNpb25hcmlvIGRlIGF1dG9tw4PCs3ZpbGVzIGVuIHNhbiBsdWlzkgELYXV0b19icm9rZXLgAQA!16s%2Fg%2F11f3tspbyx?entry=ttu",Concesionario de automÃ³viles,san luis
vg automotores,,3.0,1,2664833332,"https://www.google.com/maps/place/vg+automotores/@-33.3053071,-66.3818241,14z/data=!4m11!1m3!2m2!1sConcesionario+de+autom%C3%83%C2%B3viles+en+san+luis!6e6!3m6!1s0x95d43fa2e4eb77e3:0x6e3621d19631d9b7!8m2!3d-33.2882753!4d-66.3224797!15sCitDb25jZXNpb25hcmlvIGRlIGF1dG9tw4PCs3ZpbGVzIGVuIHNhbiBsdWlzkgELYXV0b19icm9rZXLgAQA!16s%2Fg%2F11fkshyf8s?entry=ttu",Concesionario de automÃ³viles,san luis
Martínez automotores  lubri,,4.8,13,2664482611,"https://www.google.com/maps/place/Mart%C3%ADnez+automotores+%26+lubri/@-33.2882753,-66.3585286,14z/data=!4m11!1m3!2m2!1sConcesionario+de+autom%C3%83%C2%B3viles+en+san+luis!6e6!3m6!1s0x95d43feb081f0341:0xded5faa573f3a07d!8m2!3d-33.2956984!4d-66.3141857!15sCitDb25jZXNpb25hcmlvIGRlIGF1dG9tw4PCs3ZpbGVzIGVuIHNhbiBsdWlzWi0iK2NvbmNlc2lvbmFyaW8gZGUgYXV0b23Do8KzdmlsZXMgZW4gc2FuIGx1aXOSARRtb3Rvcl92ZWhpY2xlX2RlYWxlcuABAA!16s%2Fg%2F11g_nkp351?entry=ttu",Concesionario de automÃ³viles,san luis
NUOVO AUTOS,,5.0,4,2664503451,"https://www.google.com/maps/place/NUOVO+AUTOS/@-33.2912047,-66.3116338,14z/data=!4m11!1m3!2m2!1sConcesionario+de+autom%C3%83%C2%B3viles+en+san+luis!6e6!3m6!1s0x95d43fa44c1fdc19:0x75e9f18f69032cd0!8m2!3d-33.2912047!4d-66.2755849!15sCitDb25jZXNpb25hcmlvIGRlIGF1dG9tw4PCs3ZpbGVzIGVuIHNhbiBsdWlzkgELYXV0b19icm9rZXLgAQA!16s%2Fg%2F11stwfbf30?entry=ttu",Concesionario de automÃ³viles,san luis
Hino Avanz San Luis,hinoavanz.com,5.0,1,266154583186,"https://www.google.com/maps/place/Hino+Avanz+San+Luis/@-33.2912047,-66.3116338,14z/data=!4m11!1m3!2m2!1sConcesionario+de+autom%C3%83%C2%B3viles+en+san+luis!6e6!3m6!1s0x95d43f915511acd9:0xf79582da23cfb4ae!8m2!3d-33.3166937!4d-66.3275444!15sCitDb25jZXNpb25hcmlvIGRlIGF1dG9tw4PCs3ZpbGVzIGVuIHNhbiBsdWlzWi0iK2NvbmNlc2lvbmFyaW8gZGUgYXV0b23Do8KzdmlsZXMgZW4gc2FuIGx1aXOSAQx0cnVja19kZWFsZXLgAQA!16s%2Fg%2F11hyjmcw4y?entry=ttu",Concesionario de automÃ³viles,san luis
Caldera Automotores,,4.7,20,2664017417,"https://www.google.com/maps/place/Caldera+Automotores/@-33.2930121,-66.351171,14z/data=!4m11!1m3!2m2!1sConcesionario+de+autom%C3%83%C2%B3viles+en+san+luis!6e6!3m6!1s0x95d43ea48e6ea525:0x830c88c2b0631642!8m2!3d-33.2930121!4d-66.3151221!15sCitDb25jZXNpb25hcmlvIGRlIGF1dG9tw4PCs3ZpbGVzIGVuIHNhbiBsdWlzWi0iK2NvbmNlc2lvbmFyaW8gZGUgYXV0b23Do8KzdmlsZXMgZW4gc2FuIGx1aXOSAQpjYXJfZGVhbGVymgEjQ2haRFNVaE5NRzluUzBWSlEwRm5TVU41TlZsaGExRlJFQUXgAQA!16s%2Fg%2F11h0mw65gg?entry=ttu",Concesionario de automÃ³viles,san luis
Automotores Cars fly,,,,,"https://www.google.com/maps/place/Automotores+Cars+fly/@-33.2930121,-66.351171,14z/data=!4m11!1m3!2m2!1sConcesionario+de+autom%C3%83%C2%B3viles+en+san+luis!6e6!3m6!1s0x95d43bfc2ea2a4a3:0x82a1aa8989bcf852!8m2!3d-33.3109329!4d-66.3407387!15sCitDb25jZXNpb25hcmlvIGRlIGF1dG9tw4PCs3ZpbGVzIGVuIHNhbiBsdWlzkgEKY2FyX2RlYWxlcuABAA!16s%2Fg%2F11nnsb_3ry?entry=ttu",Concesionario de automÃ³viles,san luis
automotores A Y D,webnode.com,2.3,3,2664427843,"https://www.google.com/maps/place/automotores+A+Y+D/@-33.3109329,-66.3767876,14z/data=!4m11!1m3!2m2!1sConcesionario+de+autom%C3%83%C2%B3viles+en+san+luis!6e6!3m6!1s0x95d4395abeefb47b:0x1bb7951a649a32ba!8m2!3d-33.2980642!4d-66.3451401!15sCitDb25jZXNpb25hcmlvIGRlIGF1dG9tw4PCs3ZpbGVzIGVuIHNhbiBsdWlzWi0iK2NvbmNlc2lvbmFyaW8gZGUgYXV0b23Do8KzdmlsZXMgZW4gc2FuIGx1aXOSAQthdXRvX2Jyb2tlcuABAA!16s%2Fg%2F11f3s65p_6?entry=ttu",Concesionario de automÃ³viles,san luis
Todo Ford,,3.0,1,,"https://www.google.com/maps/place/Todo+Ford/@-33.3109329,-66.3767876,14z/data=!4m11!1m3!2m2!1sConcesionario+de+autom%C3%83%C2%B3viles+en+san+luis!6e6!3m6!1s0x95d4394f74de37bf:0x889190128f77f2a2!8m2!3d-33.2934778!4d-66.3424525!15sCitDb25jZXNpb25hcmlvIGRlIGF1dG9tw4PCs3ZpbGVzIGVuIHNhbiBsdWlzWi0iK2NvbmNlc2lvbmFyaW8gZGUgYXV0b23Do8KzdmlsZXMgZW4gc2FuIGx1aXOSARRtb3Rvcl92ZWhpY2xlX2RlYWxlcuABAA!16s%2Fg%2F11fsmvfwcj?entry=ttu",Concesionario de automÃ³viles,san luis
Automotores Villa María S.A Sucursal San Luis,,,,,"https://www.google.com/maps/place/Automotores+Villa+Mar%C3%ADa+S.A+Sucursal+San+Luis/@-33.2709798,-66.2392706,14z/data=!4m11!1m3!2m2!1sConcesionario+de+autom%C3%83%C2%B3viles+en+san+luis!6e6!3m6!1s0x95d41564d06b3c75:0x6074e84c7bde74f7!8m2!3d-33.2709798!4d-66.2032217!15sCitDb25jZXNpb25hcmlvIGRlIGF1dG9tw4PCs3ZpbGVzIGVuIHNhbiBsdWlzkgEKY2FyX2RlYWxlcuABAA!16s%2Fg%2F11sw05m3l0?entry=ttu",Concesionario de automÃ³viles,san luis
"Autosalon San Luis, Repuestos de Automotor",,4.6,124,2664438351,"https://www.google.com/maps/place/Autosalon+San+Luis,+Repuestos+de+Automotor/@-33.2709798,-66.2392706,14z/data=!4m11!1m3!2m2!1sConcesionario+de+autom%C3%83%C2%B3viles+en+san+luis!6e6!3m6!1s0x95d4394f750ba9e1:0xdf2a520773a0aca9!8m2!3d-33.3022846!4d-66.3495083!15sCitDb25jZXNpb25hcmlvIGRlIGF1dG9tw4PCs3ZpbGVzIGVuIHNhbiBsdWlzkgERYXV0b19tYWNoaW5lX3Nob3DgAQA!16s%2Fg%2F1tfb7rq2?entry=ttu",Concesionario de automÃ³viles,san luis
Paone Automotores,,,,,"https://www.google.com/maps/place/Paone+Automotores/@-33.3022846,-66.3855572,14z/data=!4m11!1m3!2m2!1sConcesionario+de+autom%C3%83%C2%B3viles+en+san+luis!6e6!3m6!1s0x95d439553437c367:0xbfbc4c8126dce655!8m2!3d-33.3034254!4d-66.3322076!15sCitDb25jZXNpb25hcmlvIGRlIGF1dG9tw4PCs3ZpbGVzIGVuIHNhbiBsdWlzWi0iK2NvbmNlc2lvbmFyaW8gZGUgYXV0b23Do8KzdmlsZXMgZW4gc2FuIGx1aXOSARRtb3Rvcl92ZWhpY2xlX2RlYWxlcuABAA!16s%2Fg%2F11fr3lrdt5?entry=ttu",Concesionario de automÃ³viles,san luis
Multimarcas,,,,,"https://www.google.com/maps/place/Multimarcas/@-33.3034254,-66.3682565,14z/data=!4m11!1m3!2m2!1sConcesionario+de+autom%C3%83%C2%B3viles+en+san+luis!6e6!3m6!1s0x95d43eaee4aad8f9:0x3a1da30d62230cd8!8m2!3d-33.2958632!4d-66.3233865!15sCitDb25jZXNpb25hcmlvIGRlIGF1dG9tw4PCs3ZpbGVzIGVuIHNhbiBsdWlzkgEUbW90b3JfdmVoaWNsZV9kZWFsZXLgAQA!16s%2Fg%2F11flt2y34s?entry=ttu",Concesionario de automÃ³viles,san luis
Hino,,,,,"https://www.google.com/maps/place/Hino/@-33.2958632,-66.3594354,14z/data=!4m11!1m3!2m2!1sConcesionario+de+autom%C3%83%C2%B3viles+en+san+luis!6e6!3m6!1s0x95d43e832c40bdb3:0x58cf532106c072e2!8m2!3d-33.2945519!4d-66.2958443!15sCitDb25jZXNpb25hcmlvIGRlIGF1dG9tw4PCs3ZpbGVzIGVuIHNhbiBsdWlzkgEUbW90b3JfdmVoaWNsZV9kZWFsZXLgAQA!16s%2Fg%2F11h0mw09vd?entry=ttu",Concesionario de automÃ³viles,san luis
Carlo Cozzolino Autos,,3.9,12,2664614942,"https://www.google.com/maps/place/Carlo+Cozzolino+Autos/@-33.2945519,-66.3318932,14z/data=!4m11!1m3!2m2!1sConcesionario+de+autom%C3%83%C2%B3viles+en+san+luis!6e6!3m6!1s0x95d43eb494fa7c11:0x2776ffeca1b088a1!8m2!3d-33.2874193!4d-66.330327!15sCitDb25jZXNpb25hcmlvIGRlIGF1dG9tw4PCs3ZpbGVzIGVuIHNhbiBsdWlzWi0iK2NvbmNlc2lvbmFyaW8gZGUgYXV0b23Do8KzdmlsZXMgZW4gc2FuIGx1aXOSARNhdXRvX2NoZW1pc3RyeV9zaG9w4AEA!16s%2Fg%2F11ggnc646d?entry=ttu",Concesionario de automÃ³viles,san luis
Elevanz S.A. - Concesionario Toyota Equipos Industriales,elevanz.com,4.5,46,2664910081,"https://www.google.com/maps/place/Elevanz+S.A.+-+Concesionario+Toyota+Equipos+Industriales/@-33.2874193,-66.3663759,14z/data=!4m11!1m3!2m2!1sConcesionario+de+autom%C3%83%C2%B3viles+en+san+luis!6e6!3m6!1s0x95d43e9cbe28a6cb:0x3ed5ce88757815f9!8m2!3d-33.3170585!4d-66.3275376!15sCitDb25jZXNpb25hcmlvIGRlIGF1dG9tw4PCs3ZpbGVzIGVuIHNhbiBsdWlzWi0iK2NvbmNlc2lvbmFyaW8gZGUgYXV0b23Do8KzdmlsZXMgZW4gc2FuIGx1aXOSAQ10b3lvdGFfZGVhbGVy4AEA!16s%2Fg%2F11fy2y2wv0?entry=ttu",Concesionario de automÃ³viles,san luis
Autocity Renault Postventa,autocity.com.ar,4.4,57,8104442489,"https://www.google.com/maps/place/Autocity+Renault+Postventa/@-33.2874193,-66.3663759,14z/data=!4m11!1m3!2m2!1sConcesionario+de+autom%C3%83%C2%B3viles+en+san+luis!6e6!3m6!1s0x95d439183491a6b9:0xa28ec7408081e909!8m2!3d-33.292335!4d-66.3407079!15sCitDb25jZXNpb25hcmlvIGRlIGF1dG9tw4PCs3ZpbGVzIGVuIHNhbiBsdWlzkgEKY2FyX3JlcGFpcuABAA!16s%2Fg%2F11h3jh4ptf?entry=ttu",Concesionario de automÃ³viles,san luis
Garage detailing,,,,2664196373,"https://www.google.com/maps/place/Garage+detailing/@-33.292335,-66.3767568,14z/data=!4m11!1m3!2m2!1sConcesionario+de+autom%C3%83%C2%B3viles+en+san+luis!6e6!3m6!1s0x95d43fdf1b880ced:0x255814dfedc7ec78!8m2!3d-33.2816484!4d-66.3005006!15sCitDb25jZXNpb25hcmlvIGRlIGF1dG9tw4PCs3ZpbGVzIGVuIHNhbiBsdWlzkgELYXV0b19icm9rZXLgAQA!16s%2Fg%2F11svny4nj1?entry=ttu",Concesionario de automÃ³viles,san luis
Renault Servicios,,3.8,26,2664420903,"https://www.google.com/maps/place/Renault+Servicios/@-33.2816484,-66.3365495,14z/data=!4m11!1m3!2m2!1sConcesionario+de+autom%C3%83%C2%B3viles+en+san+luis!6e6!3m6!1s0x95d43eb25fe7458d:0x960ede87b0ea427f!8m2!3d-33.2922879!4d-66.3303331!15sCitDb25jZXNpb25hcmlvIGRlIGF1dG9tw4PCs3ZpbGVzIGVuIHNhbiBsdWlzkgERYXV0b19tYWNoaW5lX3Nob3DgAQA!16s%2Fg%2F11b5wmh1k6?entry=ttu",Concesionario de automÃ³viles,san luis
MJ equipamientos 4x4,,5.0,5,2664213002,"https://www.google.com/maps/place/MJ+equipamientos+4x4/@-33.2922879,-66.366382,14z/data=!4m11!1m3!2m2!1sConcesionario+de+autom%C3%83%C2%B3viles+en+san+luis!6e6!3m6!1s0x95d439b2c9e6b2c3:0xa91ffb683849714b!8m2!3d-33.287037!4d-66.3425445!15sCitDb25jZXNpb25hcmlvIGRlIGF1dG9tw4PCs3ZpbGVzIGVuIHNhbiBsdWlzkgEKY2FyX3JlcGFpcuABAA!16s%2Fg%2F11h4ch5nts?entry=ttu",Concesionario de automÃ³viles,san luis
Mecánica Fiat,,2.5,2,,"https://www.google.com/maps/place/Mec%C3%A1nica+Fiat/@-33.287037,-66.3785934,14z/data=!4m11!1m3!2m2!1sConcesionario+de+autom%C3%83%C2%B3viles+en+san+luis!6e6!3m6!1s0x95d439536e5ca9ad:0xf6dc5a0651b8c9f0!8m2!3d-33.2991274!4d-66.3340168!15sCitDb25jZXNpb25hcmlvIGRlIGF1dG9tw4PCs3ZpbGVzIGVuIHNhbiBsdWlzkgEQYXV0b19yZXBhaXJfc2hvcOABAA!16s%2Fg%2F11fnnm3yyl?entry=ttu",Concesionario de automÃ³viles,san luis
Fabian Martin Division Automotores S.R.L,,4.4,155,2664651114,"https://www.google.com/maps/place/Fabian+Martin+Division+Automotores+S.R.L/@-33.2991274,-66.3700657,14z/data=!4m11!1m3!2m2!1sConcesionario+de+autom%C3%83%C2%B3viles+en+san+luis!6e6!3m6!1s0x95d43be4d328d0d7:0xd316346a7fb3f03c!8m2!3d-33.3166618!4d-66.3416976!15sCitDb25jZXNpb25hcmlvIGRlIGF1dG9tw4PCs3ZpbGVzIGVuIHNhbiBsdWlzWi0iK2NvbmNlc2lvbmFyaW8gZGUgYXV0b23Do8KzdmlsZXMgZW4gc2FuIGx1aXOSARd0cnVja19hY2Nlc3Nvcmllc19zdG9yZeABAA!16s%2Fg%2F1tfk5mmm?entry=ttu",Concesionario de automÃ³viles,san luis
Centro Quiropractico San Luis,,4.8,4,2664612427,"https://www.google.com/maps/place/Centro+Quiropractico+San+Luis/@-33.2983383,-66.3457063,16z/data=!4m10!1m2!2m1!1sQuiropr%C3%83%C2%A1ctico+en+san+luis!3m6!1s0x95d4395744333ce1:0x27026d5ed925aeeb!8m2!3d-33.302731!4d-66.3427733!15sChxRdWlyb3Byw4PCoWN0aWNvIGVuIHNhbiBsdWlzkgEObWVkaWNhbF9jZW50ZXLgAQA!16s%2Fg%2F11h75pqxkp?entry=ttu",QuiroprÃ¡ctico,san luis
Quiropraxia Eduardo R. Maraboli,,5.0,1,2664517208,"https://www.google.com/maps/place/Quiropraxia+Eduardo+R.+Maraboli/@-33.2983383,-66.3457063,16z/data=!4m10!1m2!2m1!1sQuiropr%C3%83%C2%A1ctico+en+san+luis!3m6!1s0x95d439ef9ae98db7:0x4434cffd2e8d385c!8m2!3d-33.2939458!4d-66.3383396!15sChxRdWlyb3Byw4PCoWN0aWNvIGVuIHNhbiBsdWlzkgEMY2hpcm9wcmFjdG9y4AEA!16s%2Fg%2F11kp8720xx?entry=ttu",QuiroprÃ¡ctico,san luis
